timestamp,market_ts,market_slug,side,price,size,inventory_after,cvd_skew,signal_type
2026-04-10T13:43:36.249422,1775803200,btc-updown-5m-1775803200,BUY,0.56,10,10,0.01,BULLISH
2026-04-10T13:43:57.676318,1775803200,btc-updown-5m-1775803200,SELL,0.57,10,0,0.0,NEUTRAL
2026-04-10T13:44:29.654241,1775803200,btc-updown-5m-1775803200,BUY,0.64,10,10,0.05,STRONG_BULL
2026-04-10T13:45:00.972806,1775803200,btc-updown-5m-1775803200,SETTLE,1.0,10,0,0.0,UP
2026-04-10T13:45:22.714882,1775803500,btc-updown-5m-1775803500,BUY,0.79,10,10,0.0,NEUTRAL
2026-04-10T13:45:54.681364,1775803500,btc-updown-5m-1775803500,BUY,0.74,10,20,0.0,NEUTRAL
2026-04-10T13:46:05.332841,1775803500,btc-updown-5m-1775803500,SELL,0.75,10,10,0.0,NEUTRAL
2026-04-10T13:46:37.337007,1775803500,btc-updown-5m-1775803500,SELL,0.78,10,0,0.0,NEUTRAL
2026-04-10T13:47:09.368014,1775803500,btc-updown-5m-1775803500,SELL,0.88,10,-10,0.0,NEUTRAL
2026-04-10T13:47:30.634701,1775803500,btc-updown-5m-1775803500,BUY,0.87,10,0,-0.05,BEARISH_DIV
2026-04-10T13:47:41.302510,1775803500,btc-updown-5m-1775803500,SELL,0.89,10,-10,-0.05,BEARISH_DIV
2026-04-10T13:48:23.853902,1775803500,btc-updown-5m-1775803500,BUY,0.86,10,0,-0.05,BEARISH_DIV
2026-04-10T13:48:55.903964,1775803500,btc-updown-5m-1775803500,SELL,0.88,10,-10,0.0,NEUTRAL
2026-04-10T13:49:06.534030,1775803500,btc-updown-5m-1775803500,BUY,0.93,10,0,0.05,STRONG_BULL
2026-04-10T13:50:23.490451,1775803800,btc-updown-5m-1775803800,BUY,0.61,10,10,-0.05,STRONG_BEAR
2026-04-10T13:50:44.731711,1775803800,btc-updown-5m-1775803800,SELL,0.59,10,0,-0.05,STRONG_BEAR
2026-04-10T13:50:55.364552,1775803800,btc-updown-5m-1775803800,BUY,0.69,10,10,-0.05,STRONG_BEAR
2026-04-10T13:51:16.687348,1775803800,btc-updown-5m-1775803800,SELL,0.69,10,0,-0.05,STRONG_BEAR
2026-04-10T13:51:27.347222,1775803800,btc-updown-5m-1775803800,BUY,0.69,10,10,-0.05,STRONG_BEAR
2026-04-10T13:51:59.391017,1775803800,btc-updown-5m-1775803800,SELL,0.65,10,0,-0.05,STRONG_BEAR
2026-04-10T13:52:10.049717,1775803800,btc-updown-5m-1775803800,BUY,0.66,10,10,-0.05,STRONG_BEAR
2026-04-10T13:53:13.979986,1775803800,btc-updown-5m-1775803800,SELL,0.67,10,0,-0.05,STRONG_BEAR
2026-04-10T13:53:24.609152,1775803800,btc-updown-5m-1775803800,BUY,0.66,10,10,-0.05,STRONG_BEAR
2026-04-10T13:54:07.181396,1775803800,btc-updown-5m-1775803800,SELL,0.65,10,0,-0.05,STRONG_BEAR
2026-04-10T13:55:23.997163,1775804100,btc-updown-5m-1775804100,BUY,0.66,10,10,-0.05,STRONG_BEAR
2026-04-10T13:55:34.632930,1775804100,btc-updown-5m-1775804100,SELL,0.68,10,0,-0.05,STRONG_BEAR
2026-04-10T13:56:06.576820,1775804100,btc-updown-5m-1775804100,BUY,0.76,10,10,-0.01,BEARISH
2026-04-10T13:56:17.232504,1775804100,btc-updown-5m-1775804100,SELL,0.7,10,0,-0.05,STRONG_BEAR
2026-04-10T13:56:38.480911,1775804100,btc-updown-5m-1775804100,BUY,0.73,10,10,-0.01,BEARISH
2026-04-10T13:56:49.130388,1775804100,btc-updown-5m-1775804100,SELL,0.71,10,0,-0.01,BEARISH
2026-04-10T13:57:31.687949,1775804100,btc-updown-5m-1775804100,BUY,0.74,10,10,-0.05,STRONG_BEAR
2026-04-10T13:57:42.338931,1775804100,btc-updown-5m-1775804100,SELL,0.69,10,0,-0.05,STRONG_BEAR
2026-04-10T13:58:14.301819,1775804100,btc-updown-5m-1775804100,SELL,0.72,10,-10,-0.05,STRONG_BEAR
2026-04-10T13:58:35.575326,1775804100,btc-updown-5m-1775804100,BUY,0.77,10,0,-0.05,STRONG_BEAR
2026-04-10T13:58:56.868355,1775804100,btc-updown-5m-1775804100,SELL,0.69,10,-10,-0.05,STRONG_BEAR
2026-04-10T13:59:07.497736,1775804100,btc-updown-5m-1775804100,BUY,0.71,10,0,-0.05,STRONG_BEAR
2026-04-10T14:00:22.003558,1775804400,btc-updown-5m-1775804400,SELL,0.68,10,-10,-0.05,STRONG_BEAR
2026-04-10T14:00:53.994763,1775804400,btc-updown-5m-1775804400,SELL,0.82,10,-20,0.0,NEUTRAL
2026-04-10T14:01:04.659826,1775804400,btc-updown-5m-1775804400,BUY,0.81,10,-10,0.0,NEUTRAL
2026-04-10T14:01:36.660092,1775804400,btc-updown-5m-1775804400,SELL,0.79,10,-20,-0.01,BEARISH
2026-04-10T14:02:19.331512,1775804400,btc-updown-5m-1775804400,BUY,0.86,10,-10,0.05,STRONG_BULL
2026-04-10T14:02:40.604914,1775804400,btc-updown-5m-1775804400,SELL,0.76,10,-20,0.01,BULLISH
2026-04-10T14:02:51.258393,1775804400,btc-updown-5m-1775804400,BUY,0.78,10,-10,0.0,NEUTRAL
2026-04-10T14:03:12.567216,1775804400,btc-updown-5m-1775804400,SELL,0.73,10,-20,-0.01,BEARISH
2026-04-10T14:04:16.563523,1775804400,btc-updown-5m-1775804400,BUY,0.81,10,-10,0.0,NEUTRAL
2026-04-10T14:04:27.216857,1775804400,btc-updown-5m-1775804400,SELL,0.77,10,-20,0.0,NEUTRAL
2026-04-10T14:05:01.099089,1775804400,btc-updown-5m-1775804400,SETTLE,0.0,20,0,0.0,DOWN
2026-04-10T14:05:22.794474,1775804700,btc-updown-5m-1775804700,BUY,0.73,10,10,-0.01,BEARISH
2026-04-10T14:06:05.387545,1775804700,btc-updown-5m-1775804700,SELL,0.67,10,0,-0.05,STRONG_BEAR
2026-04-10T14:06:16.010990,1775804700,btc-updown-5m-1775804700,BUY,0.67,10,10,-0.05,STRONG_BEAR
2026-04-10T14:06:37.312829,1775804700,btc-updown-5m-1775804700,SELL,0.68,10,0,-0.05,STRONG_BEAR
2026-04-10T14:06:47.936195,1775804700,btc-updown-5m-1775804700,BUY,0.66,10,10,-0.05,STRONG_BEAR
2026-04-10T14:07:09.203380,1775804700,btc-updown-5m-1775804700,SELL,0.65,10,0,-0.05,STRONG_BEAR
2026-04-10T14:07:30.485060,1775804700,btc-updown-5m-1775804700,BUY,0.67,10,10,-0.05,STRONG_BEAR
2026-04-10T14:08:02.517229,1775804700,btc-updown-5m-1775804700,SELL,0.63,10,0,-0.05,STRONG_BEAR
2026-04-10T14:08:13.190378,1775804700,btc-updown-5m-1775804700,BUY,0.69,10,10,-0.05,STRONG_BEAR
2026-04-10T14:08:45.255508,1775804700,btc-updown-5m-1775804700,BUY,0.57,10,20,-0.05,STRONG_BEAR
2026-04-10T14:08:55.958772,1775804700,btc-updown-5m-1775804700,SELL,0.58,10,10,-0.05,STRONG_BEAR
2026-04-10T14:09:27.868066,1775804700,btc-updown-5m-1775804700,BUY,0.52,10,20,-0.05,STRONG_BEAR
2026-04-10T14:10:01.686516,1775804700,btc-updown-5m-1775804700,SETTLE,0.0,20,0,0.0,DOWN
2026-04-10T14:10:23.384498,1775805000,btc-updown-5m-1775805000,SELL,0.76,10,-10,-0.05,STRONG_BEAR
2026-04-10T14:10:34.021218,1775805000,btc-updown-5m-1775805000,BUY,0.82,10,0,-0.01,BEARISH
2026-04-10T14:10:55.286754,1775805000,btc-updown-5m-1775805000,SELL,0.81,10,-10,-0.01,BEARISH
2026-04-10T14:11:16.581457,1775805000,btc-updown-5m-1775805000,BUY,0.83,10,0,0.0,NEUTRAL
2026-04-10T14:11:27.273449,1775805000,btc-updown-5m-1775805000,SELL,0.73,10,-10,-0.05,STRONG_BEAR
2026-04-10T14:12:09.899911,1775805000,btc-updown-5m-1775805000,BUY,0.82,10,0,0.0,NEUTRAL
2026-04-10T14:12:31.247131,1775805000,btc-updown-5m-1775805000,SELL,0.75,10,-10,-0.05,STRONG_BEAR
2026-04-10T14:12:41.942731,1775805000,btc-updown-5m-1775805000,BUY,0.81,10,0,-0.01,BEARISH
2026-04-10T14:13:03.294789,1775805000,btc-updown-5m-1775805000,SELL,0.73,10,-10,-0.01,BEARISH
2026-04-10T14:13:24.607248,1775805000,btc-updown-5m-1775805000,BUY,0.77,10,0,-0.01,BEARISH
2026-04-10T14:13:56.496215,1775805000,btc-updown-5m-1775805000,BUY,0.59,10,10,-0.05,STRONG_BEAR
2026-04-10T14:14:07.183451,1775805000,btc-updown-5m-1775805000,SELL,0.58,10,0,-0.05,STRONG_BEAR
2026-04-10T14:14:28.489758,1775805000,btc-updown-5m-1775805000,BUY,0.71,10,10,-0.01,BEARISH
2026-04-10T14:15:02.339673,1775805000,btc-updown-5m-1775805000,SETTLE,0.0,10,0,0.0,DOWN
2026-04-10T14:15:24.121020,1775805300,btc-updown-5m-1775805300,SELL,0.73,10,-10,-0.05,STRONG_BEAR
2026-04-10T14:16:06.639918,1775805300,btc-updown-5m-1775805300,SELL,0.78,10,-20,-0.05,STRONG_BEAR
2026-04-10T14:16:38.635764,1775805300,btc-updown-5m-1775805300,BUY,0.88,10,-10,0.0,NEUTRAL
2026-04-10T14:16:49.273741,1775805300,btc-updown-5m-1775805300,SELL,0.85,10,-20,0.0,NEUTRAL
2026-04-10T14:17:10.508369,1775805300,btc-updown-5m-1775805300,BUY,0.85,10,-10,0.01,BULLISH
2026-04-10T14:17:21.119543,1775805300,btc-updown-5m-1775805300,SELL,0.86,10,-20,0.01,BULLISH
2026-04-10T14:17:42.375348,1775805300,btc-updown-5m-1775805300,BUY,0.87,10,-10,0.0,NEUTRAL
2026-04-10T14:18:03.736004,1775805300,btc-updown-5m-1775805300,SELL,0.87,10,-20,0.01,BULLISH
2026-04-10T14:18:35.574726,1775805300,btc-updown-5m-1775805300,BUY,0.98,10,-10,0.05,STRONG_BULL
2026-04-10T14:18:46.234330,1775805300,btc-updown-5m-1775805300,SELL,0.89,10,-20,0.0,NEUTRAL
2026-04-10T14:19:07.493427,1775805300,btc-updown-5m-1775805300,BUY,0.97,10,-10,0.05,STRONG_BULL
2026-04-10T14:19:28.769700,1775805300,btc-updown-5m-1775805300,SELL,0.9,10,-20,0.0,NEUTRAL
2026-04-10T14:20:02.612622,1775805300,btc-updown-5m-1775805300,SETTLE,1.0,20,0,0.0,UP
2026-04-10T14:20:34.997842,1775805600,btc-updown-5m-1775805600,SELL,0.82,10,-10,0.0,NEUTRAL
2026-04-10T14:21:06.888766,1775805600,btc-updown-5m-1775805600,BUY,0.86,10,0,0.05,STRONG_BULL
2026-04-10T14:21:38.784456,1775805600,btc-updown-5m-1775805600,SELL,0.81,10,-10,0.0,NEUTRAL
2026-04-10T14:21:49.440706,1775805600,btc-updown-5m-1775805600,BUY,0.8,10,0,0.0,NEUTRAL
2026-04-10T14:22:10.802375,1775805600,btc-updown-5m-1775805600,SELL,0.73,10,-10,-0.01,BEARISH
2026-04-10T14:22:32.061291,1775805600,btc-updown-5m-1775805600,BUY,0.79,10,0,0.01,BULLISH
2026-04-10T14:22:42.682604,1775805600,btc-updown-5m-1775805600,SELL,0.8,10,-10,0.01,BULLISH
2026-04-10T14:23:04.165782,1775805600,btc-updown-5m-1775805600,BUY,0.8,10,0,0.01,BULLISH
2026-04-10T14:23:46.658580,1775805600,btc-updown-5m-1775805600,SELL,0.54,10,-10,-0.05,STRONG_BEAR
2026-04-10T14:24:07.935454,1775805600,btc-updown-5m-1775805600,BUY,0.63,10,0,-0.05,STRONG_BEAR
2026-04-10T14:24:29.263644,1775805600,btc-updown-5m-1775805600,SELL,0.68,10,-10,-0.01,BEARISH
2026-04-10T14:25:00.241789,1775805600,btc-updown-5m-1775805600,SETTLE,0.0,10,0,0.0,DOWN
2026-04-10T14:25:21.937158,1775805900,btc-updown-5m-1775805900,SELL,0.74,10,-10,-0.05,STRONG_BEAR
2026-04-10T14:25:32.601283,1775805900,btc-updown-5m-1775805900,BUY,0.73,10,0,-0.05,STRONG_BEAR
2026-04-10T14:25:53.905671,1775805900,btc-updown-5m-1775805900,SELL,0.73,10,-10,-0.05,STRONG_BEAR
2026-04-10T14:26:04.513873,1775805900,btc-updown-5m-1775805900,BUY,0.8,10,0,-0.01,BEARISH
2026-04-10T14:26:25.791214,1775805900,btc-updown-5m-1775805900,SELL,0.66,10,-10,-0.05,STRONG_BEAR
2026-04-10T14:26:47.025629,1775805900,btc-updown-5m-1775805900,BUY,0.7,10,0,-0.05,STRONG_BEAR
2026-04-10T14:26:57.665512,1775805900,btc-updown-5m-1775805900,SELL,0.72,10,-10,-0.05,STRONG_BEAR
2026-04-10T14:27:29.471162,1775805900,btc-updown-5m-1775805900,BUY,0.76,10,0,-0.01,BEARISH
2026-04-10T14:28:11.954389,1775805900,btc-updown-5m-1775805900,SELL,0.63,10,-10,-0.05,STRONG_BEAR
2026-04-10T14:28:43.850387,1775805900,btc-updown-5m-1775805900,BUY,0.72,10,0,0.0,NEUTRAL
2026-04-10T14:28:54.465724,1775805900,btc-updown-5m-1775805900,SELL,0.7,10,-10,-0.01,BEARISH
2026-04-10T14:29:26.376670,1775805900,btc-updown-5m-1775805900,BUY,0.77,10,0,-0.01,BEARISH
2026-04-10T14:30:45.774282,1775806200,btc-updown-5m-1775806200,BUY,0.75,10,10,-0.01,BEARISH
2026-04-10T14:31:17.678267,1775806200,btc-updown-5m-1775806200,BUY,0.6,10,20,-0.05,STRONG_BEAR
2026-04-10T14:31:28.325970,1775806200,btc-updown-5m-1775806200,SELL,0.62,10,10,-0.05,STRONG_BEAR
2026-04-10T14:32:00.189224,1775806200,btc-updown-5m-1775806200,SELL,0.72,10,0,-0.01,BEARISH
2026-04-10T14:32:10.837930,1775806200,btc-updown-5m-1775806200,BUY,0.71,10,10,-0.01,BEARISH
2026-04-10T14:32:32.097642,1775806200,btc-updown-5m-1775806200,SELL,0.74,10,0,-0.01,BEARISH
2026-04-10T14:32:42.723009,1775806200,btc-updown-5m-1775806200,BUY,0.88,10,10,0.0,NEUTRAL
2026-04-10T14:33:03.969488,1775806200,btc-updown-5m-1775806200,SELL,0.83,10,0,0.0,NEUTRAL
2026-04-10T14:33:35.825495,1775806200,btc-updown-5m-1775806200,SELL,0.91,10,-10,0.0,NEUTRAL
2026-04-10T14:33:57.061562,1775806200,btc-updown-5m-1775806200,BUY,0.95,10,0,0.0,NEUTRAL
2026-04-10T14:34:18.348212,1775806200,btc-updown-5m-1775806200,SELL,0.9,10,-10,0.0,NEUTRAL
2026-04-10T14:34:28.967319,1775806200,btc-updown-5m-1775806200,BUY,0.89,10,0,0.0,NEUTRAL
2026-04-10T14:35:21.728369,1775806500,btc-updown-5m-1775806500,BUY,0.84,10,10,0.0,NEUTRAL
2026-04-10T14:35:53.617937,1775806500,btc-updown-5m-1775806500,BUY,0.7,10,20,0.0,NEUTRAL
2026-04-10T14:36:04.242943,1775806500,btc-updown-5m-1775806500,SELL,0.71,10,10,0.0,NEUTRAL
2026-04-10T14:36:36.095101,1775806500,btc-updown-5m-1775806500,SELL,0.74,10,0,0.0,NEUTRAL
2026-04-10T14:36:46.717705,1775806500,btc-updown-5m-1775806500,BUY,0.74,10,10,0.0,NEUTRAL
2026-04-10T14:37:07.986236,1775806500,btc-updown-5m-1775806500,SELL,0.87,10,0,0.05,STRONG_BULL
2026-04-10T14:37:29.218442,1775806500,btc-updown-5m-1775806500,BUY,0.84,10,10,0.0,NEUTRAL
2026-04-10T14:38:11.726854,1775806500,btc-updown-5m-1775806500,SELL,0.84,10,0,0.0,NEUTRAL
2026-04-10T14:38:22.351359,1775806500,btc-updown-5m-1775806500,BUY,0.83,10,10,0.0,NEUTRAL
2026-04-10T14:39:04.856033,1775806500,btc-updown-5m-1775806500,BUY,0.8,10,20,0.0,NEUTRAL
2026-04-10T14:40:02.258998,1775806500,btc-updown-5m-1775806500,SETTLE,0.0,20,0,0.0,DOWN
2026-04-10T14:40:34.548303,1775806800,btc-updown-5m-1775806800,BUY,0.7,10,10,-0.05,STRONG_BEAR
2026-04-10T14:40:55.814863,1775806800,btc-updown-5m-1775806800,SELL,0.69,10,0,-0.05,STRONG_BEAR
2026-04-10T14:41:06.420785,1775806800,btc-updown-5m-1775806800,BUY,0.75,10,10,-0.01,BEARISH
2026-04-10T14:41:27.709192,1775806800,btc-updown-5m-1775806800,SELL,0.81,10,0,-0.01,BEARISH
2026-04-10T14:41:38.350542,1775806800,btc-updown-5m-1775806800,BUY,0.8,10,10,-0.01,BEARISH
2026-04-10T14:42:20.863350,1775806800,btc-updown-5m-1775806800,BUY,0.69,10,20,-0.05,STRONG_BEAR
2026-04-10T14:42:52.723593,1775806800,btc-updown-5m-1775806800,SELL,0.68,10,10,-0.05,STRONG_BEAR
2026-04-10T14:43:24.571419,1775806800,btc-updown-5m-1775806800,SELL,0.73,10,0,-0.05,STRONG_BEAR
2026-04-10T14:43:35.211888,1775806800,btc-updown-5m-1775806800,BUY,0.72,10,10,-0.05,STRONG_BEAR
2026-04-10T14:44:07.157103,1775806800,btc-updown-5m-1775806800,SELL,0.72,10,0,-0.05,STRONG_BEAR
2026-04-10T14:44:28.428198,1775806800,btc-updown-5m-1775806800,BUY,0.71,10,10,-0.05,STRONG_BEAR
2026-04-10T14:45:02.028578,1775806800,btc-updown-5m-1775806800,SETTLE,0.0,10,0,0.0,DOWN
2026-04-10T14:45:23.728727,1775807100,btc-updown-5m-1775807100,SELL,0.79,10,-10,-0.05,STRONG_BEAR
2026-04-10T14:45:34.352347,1775807100,btc-updown-5m-1775807100,BUY,0.79,10,0,-0.05,STRONG_BEAR
2026-04-10T14:46:16.866141,1775807100,btc-updown-5m-1775807100,SELL,0.73,10,-10,-0.05,STRONG_BEAR
2026-04-10T14:46:27.501644,1775807100,btc-updown-5m-1775807100,BUY,0.72,10,0,-0.05,STRONG_BEAR
2026-04-10T14:46:59.374316,1775807100,btc-updown-5m-1775807100,SELL,0.7,10,-10,-0.05,STRONG_BEAR
2026-04-10T14:47:41.864030,1775807100,btc-updown-5m-1775807100,SELL,0.74,10,-20,-0.05,STRONG_BEAR
2026-04-10T14:48:34.991017,1775807100,btc-updown-5m-1775807100,BUY,0.77,10,-10,-0.05,STRONG_BEAR
2026-04-10T14:49:06.879277,1775807100,btc-updown-5m-1775807100,BUY,0.6,10,0,-0.05,STRONG_BEAR
2026-04-10T14:49:17.512457,1775807100,btc-updown-5m-1775807100,SELL,0.6,10,-10,-0.05,STRONG_BEAR
2026-04-10T14:50:01.689176,1775807100,btc-updown-5m-1775807100,SETTLE,0.0,10,0,0.0,DOWN
2026-04-10T14:50:34.005745,1775807400,btc-updown-5m-1775807400,BUY,0.7,10,10,-0.05,STRONG_BEAR
2026-04-10T14:51:16.451602,1775807400,btc-updown-5m-1775807400,BUY,0.6,10,20,-0.05,STRONG_BEAR
2026-04-10T14:51:48.362512,1775807400,btc-updown-5m-1775807400,SELL,0.5,10,10,-0.05,STRONG_BEAR
2026-04-10T14:51:58.984409,1775807400,btc-updown-5m-1775807400,BUY,0.52,10,20,-0.05,STRONG_BEAR
2026-04-10T14:55:02.050745,1775807400,btc-updown-5m-1775807400,SETTLE,0.0,20,0,0.0,DOWN
2026-04-10T14:55:23.767764,1775807700,btc-updown-5m-1775807700,SELL,0.73,10,-10,-0.05,STRONG_BEAR
2026-04-10T14:56:06.262565,1775807700,btc-updown-5m-1775807700,BUY,0.78,10,0,-0.05,STRONG_BEAR
2026-04-10T14:56:48.758811,1775807700,btc-updown-5m-1775807700,SELL,0.78,10,-10,-0.05,STRONG_BEAR
2026-04-10T14:57:20.590099,1775807700,btc-updown-5m-1775807700,SELL,0.83,10,-20,-0.05,STRONG_BEAR
2026-04-10T14:57:41.850718,1775807700,btc-updown-5m-1775807700,BUY,0.88,10,-10,-0.05,STRONG_BEAR
2026-04-10T14:57:52.483312,1775807700,btc-updown-5m-1775807700,SELL,0.9,10,-20,-0.05,STRONG_BEAR
2026-04-10T14:58:13.728872,1775807700,btc-updown-5m-1775807700,BUY,0.96,10,-10,0.0,NEUTRAL
2026-04-10T14:58:24.343603,1775807700,btc-updown-5m-1775807700,SELL,0.93,10,-20,0.0,NEUTRAL
2026-04-10T14:58:45.581112,1775807700,btc-updown-5m-1775807700,BUY,0.83,10,-10,-0.05,STRONG_BEAR
2026-04-10T14:59:06.850663,1775807700,btc-updown-5m-1775807700,SELL,0.77,10,-20,-0.05,STRONG_BEAR
2026-04-10T14:59:17.500782,1775807700,btc-updown-5m-1775807700,BUY,0.8,10,-10,-0.05,STRONG_BEAR
2026-04-10T15:00:01.652195,1775807700,btc-updown-5m-1775807700,SETTLE,1.0,10,0,0.0,UP
2026-04-10T15:00:23.396061,1775808000,btc-updown-5m-1775808000,SELL,0.86,10,-10,0.05,STRONG_BULL
2026-04-10T15:00:34.028017,1775808000,btc-updown-5m-1775808000,BUY,0.8,10,0,0.0,NEUTRAL
2026-04-10T15:01:05.847561,1775808000,btc-updown-5m-1775808000,SELL,0.78,10,-10,0.0,NEUTRAL
2026-04-10T15:01:37.777610,1775808000,btc-updown-5m-1775808000,SELL,0.81,10,-20,0.0,NEUTRAL
2026-04-10T15:01:48.396119,1775808000,btc-updown-5m-1775808000,BUY,0.8,10,-10,0.0,NEUTRAL
2026-04-10T15:02:09.625621,1775808000,btc-updown-5m-1775808000,SELL,0.73,10,-20,-0.01,BEARISH
2026-04-10T15:02:20.260908,1775808000,btc-updown-5m-1775808000,BUY,0.72,10,-10,-0.01,BEARISH
2026-04-10T15:02:41.514730,1775808000,btc-updown-5m-1775808000,SELL,0.8,10,-20,-0.01,BEARISH
2026-04-10T15:03:13.357027,1775808000,btc-updown-5m-1775808000,BUY,0.86,10,-10,-0.01,BEARISH
2026-04-10T15:03:45.201791,1775808000,btc-updown-5m-1775808000,BUY,0.71,10,0,0.0,NEUTRAL
2026-04-10T15:04:17.171199,1775808000,btc-updown-5m-1775808000,SELL,0.5,10,-10,-0.05,STRONG_BEAR
2026-04-10T15:05:01.396376,1775808000,btc-updown-5m-1775808000,SETTLE,0.0,10,0,0.0,DOWN
2026-04-10T15:07:41.096293,1775808300,btc-updown-5m-1775808600,BUY,0.68,10,10,-0.05,BEARISH_DIV
2026-04-10T15:07:51.713167,1775808300,btc-updown-5m-1775808600,SELL,0.63,10,0,-0.05,BEARISH_DIV
2026-04-10T15:08:23.588712,1775808300,btc-updown-5m-1775808600,SELL,0.66,10,-10,-0.05,BEARISH_DIV
2026-04-10T15:10:00.865265,1775808300,btc-updown-5m-1775808600,SETTLE,1.0,10,0,0.0,UP
2026-04-10T15:10:22.572146,1775808600,btc-updown-5m-1775808600,SELL,0.65,10,-10,-0.05,BEARISH_DIV
2026-04-10T15:10:33.184825,1775808600,btc-updown-5m-1775808600,BUY,0.67,10,0,-0.05,BEARISH_DIV
2026-04-10T15:10:54.460608,1775808600,btc-updown-5m-1775808600,SELL,0.69,10,-10,-0.05,BEARISH_DIV
2026-04-10T15:11:26.310787,1775808600,btc-updown-5m-1775808600,SELL,0.84,10,-20,-0.05,BEARISH_DIV
2026-04-10T15:11:47.587300,1775808600,btc-updown-5m-1775808600,BUY,0.84,10,-10,-0.05,BEARISH_DIV
2026-04-10T15:12:08.796275,1775808600,btc-updown-5m-1775808600,SELL,0.82,10,-20,-0.05,BEARISH_DIV
2026-04-10T15:12:30.058839,1775808600,btc-updown-5m-1775808600,BUY,0.84,10,-10,-0.05,BEARISH_DIV
2026-04-10T15:12:40.688489,1775808600,btc-updown-5m-1775808600,SELL,0.83,10,-20,-0.05,BEARISH_DIV
2026-04-10T15:13:44.479547,1775808600,btc-updown-5m-1775808600,BUY,0.85,10,-10,-0.05,BEARISH_DIV
2026-04-10T15:14:16.444117,1775808600,btc-updown-5m-1775808600,SELL,0.64,10,-20,0.0,NEUTRAL
2026-04-10T15:14:27.071905,1775808600,btc-updown-5m-1775808600,BUY,0.71,10,-10,-0.01,BEARISH
2026-04-10T15:15:00.619828,1775808600,btc-updown-5m-1775808600,SETTLE,1.0,10,0,0.0,UP
2026-04-10T15:15:22.323183,1775808900,btc-updown-5m-1775808900,BUY,0.7,10,10,0.0,NEUTRAL
2026-04-10T15:15:32.933215,1775808900,btc-updown-5m-1775808900,SELL,0.7,10,0,0.0,NEUTRAL
2026-04-10T15:15:54.165898,1775808900,btc-updown-5m-1775808900,BUY,0.73,10,10,0.0,NEUTRAL
2026-04-10T15:16:04.785424,1775808900,btc-updown-5m-1775808900,SELL,0.75,10,0,0.0,NEUTRAL
2026-04-10T15:16:26.077377,1775808900,btc-updown-5m-1775808900,BUY,0.81,10,10,0.05,BULLISH_DIV
2026-04-10T15:16:57.984324,1775808900,btc-updown-5m-1775808900,BUY,0.54,10,20,-0.05,STRONG_BEAR
2026-04-10T15:17:08.606598,1775808900,btc-updown-5m-1775808900,SELL,0.49,10,10,-0.05,STRONG_BEAR
2026-04-10T15:17:29.825609,1775808900,btc-updown-5m-1775808900,BUY,0.52,10,20,-0.05,STRONG_BEAR
2026-04-10T15:17:51.120019,1775808900,btc-updown-5m-1775808900,SELL,0.51,10,10,-0.05,STRONG_BEAR
2026-04-10T15:18:22.996217,1775808900,btc-updown-5m-1775808900,BUY,0.74,10,20,0.0,NEUTRAL
2026-04-10T15:18:33.618802,1775808900,btc-updown-5m-1775808900,SELL,0.75,10,10,0.0,NEUTRAL
2026-04-10T15:19:05.488881,1775808900,btc-updown-5m-1775808900,SELL,0.9,10,0,0.0,NEUTRAL
2026-04-10T15:19:16.103983,1775808900,btc-updown-5m-1775808900,BUY,0.89,10,10,0.0,NEUTRAL
2026-04-10T15:20:00.350011,1775808900,btc-updown-5m-1775808900,SETTLE,1.0,10,0,0.0,UP
2026-04-10T15:20:43.305434,1775809200,btc-updown-5m-1775809200,BUY,0.82,10,10,0.05,STRONG_BULL
2026-04-10T15:21:15.182632,1775809200,btc-updown-5m-1775809200,SELL,0.8,10,0,0.05,STRONG_BULL
2026-04-10T15:21:36.428459,1775809200,btc-updown-5m-1775809200,BUY,0.79,10,10,0.05,STRONG_BULL
2026-04-10T15:22:08.345333,1775809200,btc-updown-5m-1775809200,BUY,0.75,10,20,0.05,STRONG_BULL
2026-04-10T15:22:40.210768,1775809200,btc-updown-5m-1775809200,SELL,0.73,10,10,0.05,STRONG_BULL
2026-04-10T15:23:12.070794,1775809200,btc-updown-5m-1775809200,BUY,0.77,10,20,0.05,STRONG_BULL
2026-04-10T15:23:33.322630,1775809200,btc-updown-5m-1775809200,SELL,0.76,10,10,0.05,STRONG_BULL
2026-04-10T15:23:43.985334,1775809200,btc-updown-5m-1775809200,BUY,0.8,10,20,0.05,STRONG_BULL
2026-04-10T15:24:05.235722,1775809200,btc-updown-5m-1775809200,SELL,0.8,10,10,0.01,BULLISH
2026-04-10T15:25:00.069577,1775809200,btc-updown-5m-1775809200,SETTLE,1.0,10,0,0.0,UP
2026-04-10T15:25:43.161627,1775809500,btc-updown-5m-1775809500,SELL,0.8,10,-10,0.01,BULLISH
2026-04-10T15:26:15.033319,1775809500,btc-updown-5m-1775809500,BUY,0.91,10,0,0.05,STRONG_BULL
2026-04-10T15:26:46.901032,1775809500,btc-updown-5m-1775809500,BUY,0.73,10,10,0.01,BULLISH
2026-04-10T15:26:57.522668,1775809500,btc-updown-5m-1775809500,SELL,0.79,10,0,0.05,STRONG_BULL
2026-04-10T15:27:18.830525,1775809500,btc-updown-5m-1775809500,BUY,0.77,10,10,0.05,STRONG_BULL
2026-04-10T15:27:50.683881,1775809500,btc-updown-5m-1775809500,SELL,0.77,10,0,0.05,STRONG_BULL
2026-04-10T15:28:11.973523,1775809500,btc-updown-5m-1775809500,BUY,0.81,10,10,0.05,STRONG_BULL
2026-04-10T15:28:22.590530,1775809500,btc-updown-5m-1775809500,SELL,0.63,10,0,0.01,BULLISH
2026-04-10T15:28:54.444110,1775809500,btc-updown-5m-1775809500,BUY,0.64,10,10,0.01,BULLISH
2026-04-10T15:29:15.705038,1775809500,btc-updown-5m-1775809500,SELL,0.58,10,0,0.0,NEUTRAL
2026-04-10T15:29:26.349753,1775809500,btc-updown-5m-1775809500,BUY,0.61,10,10,0.0,NEUTRAL
2026-04-10T15:30:00.048115,1775809500,btc-updown-5m-1775809500,SETTLE,0.0,10,0,0.0,DOWN
2026-04-10T15:30:21.772262,1775809800,btc-updown-5m-1775809800,SELL,0.7,10,-10,0.0,NEUTRAL
2026-04-10T15:30:53.694968,1775809800,btc-updown-5m-1775809800,SELL,0.8,10,-20,0.0,NEUTRAL
2026-04-10T15:31:25.639122,1775809800,btc-updown-5m-1775809800,BUY,0.9,10,-10,0.0,NEUTRAL
2026-04-10T15:31:57.493854,1775809800,btc-updown-5m-1775809800,SELL,0.92,10,-20,0.01,BULLISH
2026-04-10T15:32:18.740094,1775809800,btc-updown-5m-1775809800,BUY,0.92,10,-10,0.01,BULLISH
2026-04-10T15:32:39.969795,1775809800,btc-updown-5m-1775809800,SELL,0.92,10,-20,0.01,BULLISH
2026-04-10T15:33:22.531594,1775809800,btc-updown-5m-1775809800,BUY,0.97,10,-10,0.05,STRONG_BULL
2026-04-10T15:33:33.174769,1775809800,btc-updown-5m-1775809800,SELL,0.94,10,-20,0.01,BULLISH
2026-04-10T15:33:54.401946,1775809800,btc-updown-5m-1775809800,BUY,0.9,10,-10,0.01,BULLISH
2026-04-10T15:34:05.007160,1775809800,btc-updown-5m-1775809800,SELL,0.79,10,-20,0.0,NEUTRAL
2026-04-10T15:35:02.272038,1775809800,btc-updown-5m-1775809800,SETTLE,1.0,20,0,0.0,UP
2026-04-10T15:35:24.017746,1775810100,btc-updown-5m-1775810100,BUY,0.65,10,10,0.0,NEUTRAL
2026-04-10T15:35:34.649348,1775810100,btc-updown-5m-1775810100,SELL,0.65,10,0,0.0,NEUTRAL
2026-04-10T15:36:06.538746,1775810100,btc-updown-5m-1775810100,SELL,0.95,10,-10,0.05,STRONG_BULL
2026-04-10T15:36:17.149681,1775810100,btc-updown-5m-1775810100,BUY,0.98,10,0,0.05,STRONG_BULL
2026-04-10T15:36:59.609259,1775810100,btc-updown-5m-1775810100,BUY,0.87,10,10,0.01,BULLISH
2026-04-10T15:37:10.253793,1775810100,btc-updown-5m-1775810100,SELL,0.87,10,0,0.01,BULLISH
2026-04-10T15:37:31.461628,1775810100,btc-updown-5m-1775810100,BUY,0.9,10,10,0.01,BULLISH
2026-04-10T15:37:42.161174,1775810100,btc-updown-5m-1775810100,SELL,0.92,10,0,0.01,BULLISH
2026-04-10T15:38:14.038817,1775810100,btc-updown-5m-1775810100,SELL,0.95,10,-10,0.01,BULLISH
2026-04-10T15:40:00.771354,1775810100,btc-updown-5m-1775810100,SETTLE,1.0,10,0,0.0,UP
2026-04-10T15:40:33.083312,1775810400,btc-updown-5m-1775810400,SELL,0.74,10,-10,0.05,STRONG_BULL
2026-04-10T15:41:04.987233,1775810400,btc-updown-5m-1775810400,SELL,0.82,10,-20,0.05,STRONG_BULL
2026-04-10T15:41:47.454556,1775810400,btc-updown-5m-1775810400,BUY,0.85,10,-10,0.05,STRONG_BULL
2026-04-10T15:42:08.695811,1775810400,btc-updown-5m-1775810400,SELL,0.85,10,-20,0.05,STRONG_BULL
2026-04-10T15:42:51.199180,1775810400,btc-updown-5m-1775810400,BUY,0.92,10,-10,0.05,STRONG_BULL
2026-04-10T15:43:01.816476,1775810400,btc-updown-5m-1775810400,SELL,0.86,10,-20,0.05,STRONG_BULL
2026-04-10T15:43:23.073898,1775810400,btc-updown-5m-1775810400,BUY,0.77,10,-10,0.05,STRONG_BULL
2026-04-10T15:43:33.700494,1775810400,btc-updown-5m-1775810400,SELL,0.75,10,-20,0.05,STRONG_BULL
2026-04-10T15:43:54.934422,1775810400,btc-updown-5m-1775810400,BUY,0.7,10,-10,0.01,BULLISH
2026-04-10T15:44:26.824821,1775810400,btc-updown-5m-1775810400,BUY,0.56,10,0,0.0,NEUTRAL
2026-04-10T15:45:22.136449,1775810700,btc-updown-5m-1775810700,BUY,0.73,10,10,0.0,NEUTRAL
2026-04-10T15:45:32.820583,1775810700,btc-updown-5m-1775810700,SELL,0.68,10,0,0.0,NEUTRAL
2026-04-10T15:46:04.694265,1775810700,btc-updown-5m-1775810700,BUY,0.77,10,10,0.0,NEUTRAL
2026-04-10T15:46:36.535029,1775810700,btc-updown-5m-1775810700,BUY,0.75,10,20,0.05,BULLISH_DIV
2026-04-10T15:46:47.297296,1775810700,btc-updown-5m-1775810700,SELL,0.76,10,10,0.05,BULLISH_DIV
2026-04-10T15:47:19.156321,1775810700,btc-updown-5m-1775810700,BUY,0.79,10,20,0.0,NEUTRAL
2026-04-10T15:50:00.236548,1775810700,btc-updown-5m-1775810700,SETTLE,0.0,20,0,0.0,DOWN
2026-04-10T15:50:21.954827,1775811000,btc-updown-5m-1775811000,BUY,0.66,10,10,-0.05,STRONG_BEAR
2026-04-10T15:50:53.841126,1775811000,btc-updown-5m-1775811000,BUY,0.55,10,20,-0.05,STRONG_BEAR
2026-04-10T15:51:04.478907,1775811000,btc-updown-5m-1775811000,SELL,0.55,10,10,-0.05,STRONG_BEAR
2026-04-10T15:51:36.307511,1775811000,btc-updown-5m-1775811000,BUY,0.57,10,20,-0.05,STRONG_BEAR
2026-04-10T15:52:29.434981,1775811000,btc-updown-5m-1775811000,SELL,0.51,10,10,-0.05,STRONG_BEAR
2026-04-10T15:52:50.681405,1775811000,btc-updown-5m-1775811000,BUY,0.55,10,20,-0.05,STRONG_BEAR
2026-04-10T15:53:11.926160,1775811000,btc-updown-5m-1775811000,SELL,0.55,10,10,-0.05,STRONG_BEAR
2026-04-10T15:53:22.547673,1775811000,btc-updown-5m-1775811000,BUY,0.54,10,20,-0.05,STRONG_BEAR
2026-04-10T15:53:43.789728,1775811000,btc-updown-5m-1775811000,SELL,0.51,10,10,-0.05,STRONG_BEAR
2026-04-10T15:54:15.709495,1775811000,btc-updown-5m-1775811000,BUY,0.58,10,20,-0.05,STRONG_BEAR
2026-04-10T15:54:26.323918,1775811000,btc-updown-5m-1775811000,SELL,0.62,10,10,-0.01,BEARISH
2026-04-10T15:55:02.566074,1775811000,btc-updown-5m-1775811000,SETTLE,1.0,10,0,0.0,UP
2026-04-10T15:55:24.317401,1775811300,btc-updown-5m-1775811300,SELL,0.72,10,-10,-0.05,BEARISH_DIV
2026-04-10T15:55:34.958325,1775811300,btc-updown-5m-1775811300,BUY,0.81,10,0,0.05,STRONG_BULL
2026-04-10T15:56:06.800084,1775811300,btc-updown-5m-1775811300,BUY,0.62,10,10,-0.05,BEARISH_DIV
2026-04-10T15:56:49.344241,1775811300,btc-updown-5m-1775811300,SELL,0.63,10,0,-0.05,BEARISH_DIV
2026-04-10T15:57:31.850942,1775811300,btc-updown-5m-1775811300,BUY,0.67,10,10,-0.05,BEARISH_DIV
2026-04-10T15:57:42.458520,1775811300,btc-updown-5m-1775811300,SELL,0.66,10,0,-0.05,BEARISH_DIV
2026-04-10T15:58:14.288892,1775811300,btc-updown-5m-1775811300,SELL,0.72,10,-10,-0.05,BEARISH_DIV
2026-04-10T15:58:35.491926,1775811300,btc-updown-5m-1775811300,BUY,0.8,10,0,-0.05,BEARISH_DIV
2026-04-10T15:59:07.317693,1775811300,btc-updown-5m-1775811300,SELL,0.82,10,-10,0.05,STRONG_BULL
2026-04-10T16:00:02.105756,1775811300,btc-updown-5m-1775811300,SETTLE,1.0,10,0,0.0,UP
2026-04-10T16:00:23.747350,1775811600,btc-updown-5m-1775811600,SELL,0.77,10,-10,0.0,NEUTRAL
2026-04-10T16:01:27.657018,1775811600,btc-updown-5m-1775811600,SELL,0.84,10,-20,0.05,STRONG_BULL
2026-04-10T16:01:48.934522,1775811600,btc-updown-5m-1775811600,BUY,0.88,10,-10,0.05,STRONG_BULL
2026-04-10T16:02:10.149755,1775811600,btc-updown-5m-1775811600,SELL,0.69,10,-20,-0.01,BEARISH
2026-04-10T16:05:00.108683,1775811600,btc-updown-5m-1775811600,SETTLE,1.0,20,0,0.0,UP
2026-04-10T16:05:32.439000,1775811900,btc-updown-5m-1775811900,BUY,0.65,10,10,-0.05,BEARISH_DIV
2026-04-10T16:05:53.728128,1775811900,btc-updown-5m-1775811900,SELL,0.68,10,0,-0.05,BEARISH_DIV
2026-04-10T16:06:25.626583,1775811900,btc-updown-5m-1775811900,BUY,0.71,10,10,-0.05,BEARISH_DIV
2026-04-10T16:06:36.235455,1775811900,btc-updown-5m-1775811900,SELL,0.66,10,0,-0.05,BEARISH_DIV
2026-04-10T16:07:18.737115,1775811900,btc-updown-5m-1775811900,BUY,0.8,10,10,0.05,STRONG_BULL
2026-04-10T16:07:29.360017,1775811900,btc-updown-5m-1775811900,SELL,0.8,10,0,0.05,STRONG_BULL
2026-04-10T16:08:01.241061,1775811900,btc-updown-5m-1775811900,BUY,0.81,10,10,0.05,STRONG_BULL
2026-04-10T16:08:33.206052,1775811900,btc-updown-5m-1775811900,SELL,0.67,10,0,-0.01,BEARISH
2026-04-10T16:09:05.085759,1775811900,btc-updown-5m-1775811900,SELL,0.86,10,-10,0.0,NEUTRAL
2026-04-10T16:09:15.701849,1775811900,btc-updown-5m-1775811900,BUY,0.85,10,0,0.0,NEUTRAL
2026-04-10T16:10:24.240274,1775812200,btc-updown-5m-1775812200,BUY,0.66,10,10,-0.01,BEARISH
2026-04-10T16:10:34.858547,1775812200,btc-updown-5m-1775812200,SELL,0.59,10,0,-0.05,STRONG_BEAR
2026-04-10T16:10:56.088305,1775812200,btc-updown-5m-1775812200,BUY,0.66,10,10,0.0,NEUTRAL
2026-04-10T16:11:06.713531,1775812200,btc-updown-5m-1775812200,SELL,0.6,10,0,-0.05,STRONG_BEAR
2026-04-10T16:11:28.001597,1775812200,btc-updown-5m-1775812200,BUY,0.64,10,10,-0.05,STRONG_BEAR
2026-04-10T16:11:38.644053,1775812200,btc-updown-5m-1775812200,SELL,0.7,10,0,-0.01,BEARISH
2026-04-10T16:12:10.501145,1775812200,btc-updown-5m-1775812200,SELL,0.76,10,-10,0.0,NEUTRAL
2026-04-10T16:12:42.358132,1775812200,btc-updown-5m-1775812200,SELL,0.8,10,-20,0.01,BULLISH
2026-04-10T16:15:02.151902,1775812200,btc-updown-5m-1775812200,SETTLE,1.0,20,0,0.0,UP
2026-04-10T16:15:23.929989,1775812500,btc-updown-5m-1775812500,BUY,0.75,10,10,0.05,STRONG_BULL
2026-04-10T16:15:34.553489,1775812500,btc-updown-5m-1775812500,SELL,0.75,10,0,0.05,STRONG_BULL
2026-04-10T16:16:06.418456,1775812500,btc-updown-5m-1775812500,SELL,0.81,10,-10,0.05,STRONG_BULL
2026-04-10T16:16:38.291705,1775812500,btc-updown-5m-1775812500,SELL,0.94,10,-20,0.05,STRONG_BULL
2026-04-10T16:16:48.927211,1775812500,btc-updown-5m-1775812500,BUY,0.92,10,-10,0.05,STRONG_BULL
2026-04-10T16:17:20.794941,1775812500,btc-updown-5m-1775812500,SELL,0.8,10,-20,0.05,STRONG_BULL
2026-04-10T16:18:03.243163,1775812500,btc-updown-5m-1775812500,BUY,0.82,10,-10,0.05,STRONG_BULL
2026-04-10T16:18:45.821618,1775812500,btc-updown-5m-1775812500,SELL,0.73,10,-20,0.01,BULLISH
2026-04-10T16:20:02.609368,1775812500,btc-updown-5m-1775812500,SETTLE,1.0,20,0,0.0,UP
2026-04-10T16:20:24.321975,1775812800,btc-updown-5m-1775812800,SELL,0.79,10,-10,0.05,STRONG_BULL
2026-04-10T16:20:56.212557,1775812800,btc-updown-5m-1775812800,BUY,0.84,10,0,0.05,STRONG_BULL
2026-04-10T16:21:17.462058,1775812800,btc-updown-5m-1775812800,SELL,0.77,10,-10,0.05,STRONG_BULL
2026-04-10T16:21:28.077390,1775812800,btc-updown-5m-1775812800,BUY,0.79,10,0,0.05,STRONG_BULL
2026-04-10T16:21:59.967775,1775812800,btc-updown-5m-1775812800,BUY,0.72,10,10,0.05,STRONG_BULL
2026-04-10T16:22:21.233370,1775812800,btc-updown-5m-1775812800,SELL,0.71,10,0,0.05,STRONG_BULL
2026-04-10T16:22:31.858841,1775812800,btc-updown-5m-1775812800,BUY,0.73,10,10,0.05,STRONG_BULL
2026-04-10T16:23:03.779946,1775812800,btc-updown-5m-1775812800,SELL,0.71,10,0,0.05,STRONG_BULL
2026-04-10T16:23:14.601016,1775812800,btc-updown-5m-1775812800,BUY,0.75,10,10,0.05,STRONG_BULL
2026-04-10T16:23:57.143095,1775812800,btc-updown-5m-1775812800,BUY,0.65,10,20,0.05,STRONG_BULL
2026-04-10T16:25:02.540509,1775812800,btc-updown-5m-1775812800,SETTLE,0.0,20,0,0.0,DOWN
2026-04-10T16:25:24.224826,1775813100,btc-updown-5m-1775813100,BUY,0.76,10,10,0.05,BULLISH_DIV
2026-04-10T16:25:34.844004,1775813100,btc-updown-5m-1775813100,SELL,0.77,10,0,0.05,BULLISH_DIV
2026-04-10T16:26:06.651315,1775813100,btc-updown-5m-1775813100,SELL,0.81,10,-10,0.05,BULLISH_DIV
2026-04-10T16:26:17.274207,1775813100,btc-updown-5m-1775813100,BUY,0.77,10,0,0.0,NEUTRAL
2026-04-10T16:26:38.542409,1775813100,btc-updown-5m-1775813100,SELL,0.77,10,-10,0.0,NEUTRAL
2026-04-10T16:26:49.163939,1775813100,btc-updown-5m-1775813100,BUY,0.77,10,0,0.0,NEUTRAL
2026-04-10T16:27:21.115215,1775813100,btc-updown-5m-1775813100,BUY,0.72,10,10,0.0,NEUTRAL
2026-04-10T16:27:42.362991,1775813100,btc-updown-5m-1775813100,SELL,0.72,10,0,0.0,NEUTRAL
2026-04-10T16:28:03.623846,1775813100,btc-updown-5m-1775813100,BUY,0.71,10,10,0.0,NEUTRAL
2026-04-10T16:28:35.509729,1775813100,btc-updown-5m-1775813100,BUY,0.62,10,20,-0.05,STRONG_BEAR
2026-04-10T16:28:46.140196,1775813100,btc-updown-5m-1775813100,SELL,0.64,10,10,-0.05,STRONG_BEAR
2026-04-10T16:29:18.044957,1775813100,btc-updown-5m-1775813100,SELL,0.58,10,0,-0.05,STRONG_BEAR
2026-04-10T16:29:28.667940,1775813100,btc-updown-5m-1775813100,BUY,0.64,10,10,-0.01,BEARISH
2026-04-10T16:30:02.312890,1775813100,btc-updown-5m-1775813100,SETTLE,1.0,10,0,0.0,UP
2026-04-10T16:30:45.250957,1775813400,btc-updown-5m-1775813400,SELL,0.77,10,-10,0.0,NEUTRAL
2026-04-10T16:31:17.140541,1775813400,btc-updown-5m-1775813400,SELL,0.93,10,-20,0.05,STRONG_BULL
2026-04-10T16:31:27.745516,1775813400,btc-updown-5m-1775813400,BUY,0.93,10,-10,0.05,STRONG_BULL
2026-04-10T16:31:48.989792,1775813400,btc-updown-5m-1775813400,SELL,0.93,10,-20,0.0215,STRONG_BULL
2026-04-10T16:32:20.807232,1775813400,btc-updown-5m-1775813400,BUY,0.97,10,-10,0.05,STRONG_BULL
2026-04-10T16:32:42.055958,1775813400,btc-updown-5m-1775813400,SELL,0.77,10,-20,0.01,BULLISH
2026-04-10T16:32:52.670936,1775813400,btc-updown-5m-1775813400,BUY,0.79,10,-10,0.01,BULLISH
2026-04-10T16:33:13.974688,1775813400,btc-updown-5m-1775813400,SELL,0.77,10,-20,0.01,BULLISH
2026-04-10T16:33:24.590548,1775813400,btc-updown-5m-1775813400,BUY,0.8,10,-10,0.01,BULLISH
2026-04-10T16:33:45.837488,1775813400,btc-updown-5m-1775813400,SELL,0.8,10,-20,0.01,BULLISH
2026-04-10T16:34:07.124428,1775813400,btc-updown-5m-1775813400,BUY,0.83,10,-10,0.05,STRONG_BULL
2026-04-10T16:34:17.775436,1775813400,btc-updown-5m-1775813400,SELL,0.84,10,-20,0.05,STRONG_BULL
2026-04-10T16:35:01.852177,1775813400,btc-updown-5m-1775813400,SETTLE,1.0,20,0,0.0,UP
2026-04-10T16:35:34.136359,1775813700,btc-updown-5m-1775813700,BUY,0.79,10,10,0.05,STRONG_BULL
2026-04-10T16:35:55.380827,1775813700,btc-updown-5m-1775813700,SELL,0.71,10,0,0.01,BULLISH
2026-04-10T16:36:06.031904,1775813700,btc-updown-5m-1775813700,BUY,0.71,10,10,0.01,BULLISH
2026-04-10T16:36:59.128706,1775813700,btc-updown-5m-1775813700,BUY,0.66,10,20,0.0,NEUTRAL
2026-04-10T16:37:09.738944,1775813700,btc-updown-5m-1775813700,SELL,0.63,10,10,0.0,NEUTRAL
2026-04-10T16:37:41.593658,1775813700,btc-updown-5m-1775813700,SELL,0.95,10,0,0.05,STRONG_BULL
2026-04-10T16:37:52.218485,1775813700,btc-updown-5m-1775813700,BUY,0.98,10,10,0.05,STRONG_BULL
2026-04-10T16:38:24.078812,1775813700,btc-updown-5m-1775813700,SELL,0.95,10,0,0.05,STRONG_BULL
2026-04-10T16:40:23.142764,1775814000,btc-updown-5m-1775814000,SELL,0.72,10,-10,0.01,BULLISH
2026-04-10T16:41:05.650216,1775814000,btc-updown-5m-1775814000,BUY,0.79,10,0,0.05,STRONG_BULL
2026-04-10T16:41:37.509552,1775814000,btc-updown-5m-1775814000,BUY,0.76,10,10,0.05,STRONG_BULL
2026-04-10T16:41:58.741272,1775814000,btc-updown-5m-1775814000,SELL,0.65,10,0,0.01,BULLISH
2026-04-10T16:42:09.377113,1775814000,btc-updown-5m-1775814000,BUY,0.64,10,10,0.0,NEUTRAL
2026-04-10T16:43:13.107673,1775814000,btc-updown-5m-1775814000,SELL,0.51,10,0,-0.05,STRONG_BEAR
2026-04-10T16:43:44.996136,1775814000,btc-updown-5m-1775814000,BUY,0.5,10,10,-0.05,STRONG_BEAR
2026-04-10T16:44:16.855089,1775814000,btc-updown-5m-1775814000,BUY,0.43,10,20,-0.05,STRONG_BEAR
2026-04-10T16:44:27.468358,1775814000,btc-updown-5m-1775814000,SELL,0.44,10,10,-0.05,STRONG_BEAR
2026-04-10T16:45:01.137109,1775814000,btc-updown-5m-1775814000,SETTLE,0.0,10,0,0.0,DOWN
2026-04-10T16:45:22.992715,1775814300,btc-updown-5m-1775814300,BUY,0.69,10,10,-0.01,BEARISH
2026-04-10T16:46:05.503753,1775814300,btc-updown-5m-1775814300,BUY,0.6,10,20,-0.05,STRONG_BEAR
2026-04-10T16:46:26.759812,1775814300,btc-updown-5m-1775814300,SELL,0.58,10,10,-0.05,STRONG_BEAR
2026-04-10T16:46:37.404611,1775814300,btc-updown-5m-1775814300,BUY,0.56,10,20,-0.05,STRONG_BEAR
2026-04-10T16:48:34.200885,1775814300,btc-updown-5m-1775814300,SELL,0.46,10,10,-0.05,STRONG_BEAR
2026-04-10T16:48:55.450510,1775814300,btc-updown-5m-1775814300,BUY,0.45,10,20,-0.05,STRONG_BEAR
2026-04-10T16:50:00.897925,1775814300,btc-updown-5m-1775814300,SETTLE,0.0,20,0,0.0,DOWN
2026-04-10T16:50:43.853240,1775814600,btc-updown-5m-1775814600,SELL,0.71,10,-10,-0.05,STRONG_BEAR
2026-04-10T16:50:54.473525,1775814600,btc-updown-5m-1775814600,BUY,0.7,10,0,-0.05,STRONG_BEAR
2026-04-10T16:51:15.735285,1775814600,btc-updown-5m-1775814600,SELL,0.78,10,-10,-0.01,BEARISH
2026-04-10T16:52:08.830286,1775814600,btc-updown-5m-1775814600,BUY,0.86,10,0,0.05,STRONG_BULL
2026-04-10T16:52:19.453835,1775814600,btc-updown-5m-1775814600,SELL,0.75,10,-10,0.01,BULLISH
2026-04-10T16:52:51.299747,1775814600,btc-updown-5m-1775814600,BUY,0.85,10,0,0.05,STRONG_BULL
2026-04-10T16:53:01.916407,1775814600,btc-updown-5m-1775814600,SELL,0.73,10,-10,0.01,BULLISH
2026-04-10T16:53:33.835369,1775814600,btc-updown-5m-1775814600,BUY,0.82,10,0,0.05,STRONG_BULL
2026-04-10T16:53:44.483504,1775814600,btc-updown-5m-1775814600,SELL,0.77,10,-10,0.01,BULLISH
2026-04-10T16:54:16.369069,1775814600,btc-updown-5m-1775814600,SELL,0.86,10,-20,0.0,NEUTRAL
2026-04-10T16:55:00.558954,1775814600,btc-updown-5m-1775814600,SETTLE,1.0,20,0,0.0,UP
2026-04-10T16:55:22.253683,1775814900,btc-updown-5m-1775814900,SELL,0.77,10,-10,0.0,NEUTRAL
2026-04-10T16:56:15.347371,1775814900,btc-updown-5m-1775814900,SELL,0.87,10,-20,0.0,NEUTRAL
2026-04-10T16:56:57.925294,1775814900,btc-updown-5m-1775814900,BUY,0.91,10,-10,0.0,NEUTRAL
2026-04-10T16:57:08.538092,1775814900,btc-updown-5m-1775814900,SELL,0.9,10,-20,0.0,NEUTRAL
2026-04-10T16:57:29.781487,1775814900,btc-updown-5m-1775814900,BUY,0.87,10,-10,-0.05,BEARISH_DIV
2026-04-10T16:58:01.621643,1775814900,btc-updown-5m-1775814900,SELL,0.84,10,-20,0.0,NEUTRAL
2026-04-10T16:58:54.776159,1775814900,btc-updown-5m-1775814900,BUY,0.93,10,-10,0.0,NEUTRAL
2026-04-10T16:59:16.023693,1775814900,btc-updown-5m-1775814900,SELL,0.86,10,-20,0.0,NEUTRAL
2026-04-10T17:00:00.250310,1775814900,btc-updown-5m-1775814900,SETTLE,0.0,20,0,0.0,DOWN
2026-04-10T17:00:22.032438,1775815200,btc-updown-5m-1775815200,BUY,0.72,10,10,0.0,NEUTRAL
2026-04-10T17:00:32.653265,1775815200,btc-updown-5m-1775815200,SELL,0.71,10,0,0.0,NEUTRAL
2026-04-10T17:01:04.489748,1775815200,btc-updown-5m-1775815200,BUY,0.7,10,10,0.0,NEUTRAL
2026-04-10T17:01:25.761625,1775815200,btc-updown-5m-1775815200,SELL,0.63,10,0,0.0,NEUTRAL
2026-04-10T17:01:36.382781,1775815200,btc-updown-5m-1775815200,BUY,0.64,10,10,0.0,NEUTRAL
2026-04-10T17:01:57.607151,1775815200,btc-updown-5m-1775815200,SELL,0.63,10,0,0.0,NEUTRAL
2026-04-10T17:02:18.884134,1775815200,btc-updown-5m-1775815200,BUY,0.78,10,10,0.0,NEUTRAL
2026-04-10T17:02:50.757727,1775815200,btc-updown-5m-1775815200,BUY,0.69,10,20,0.0,NEUTRAL
2026-04-10T17:03:01.391546,1775815200,btc-updown-5m-1775815200,SELL,0.72,10,10,0.01,BULLISH
2026-04-10T17:03:43.881796,1775815200,btc-updown-5m-1775815200,BUY,0.66,10,20,0.0,NEUTRAL
2026-04-10T17:03:54.489556,1775815200,btc-updown-5m-1775815200,SELL,0.67,10,10,0.0,NEUTRAL
2026-04-10T17:04:26.302752,1775815200,btc-updown-5m-1775815200,BUY,0.65,10,20,0.0,NEUTRAL
2026-04-10T17:05:02.461467,1775815200,btc-updown-5m-1775815200,SETTLE,1.0,20,0,0.0,UP
2026-04-10T17:05:24.155334,1775815500,btc-updown-5m-1775815500,BUY,0.73,10,10,0.0,NEUTRAL
2026-04-10T17:06:06.632247,1775815500,btc-updown-5m-1775815500,BUY,0.67,10,20,0.0,NEUTRAL
2026-04-10T17:06:27.871376,1775815500,btc-updown-5m-1775815500,SELL,0.61,10,10,0.0,NEUTRAL
2026-04-10T17:06:38.503689,1775815500,btc-updown-5m-1775815500,BUY,0.62,10,20,0.0,NEUTRAL
2026-04-10T17:06:59.732516,1775815500,btc-updown-5m-1775815500,SELL,0.48,10,10,-0.05,STRONG_BEAR
2026-04-10T17:07:10.372092,1775815500,btc-updown-5m-1775815500,BUY,0.47,10,20,-0.05,STRONG_BEAR
2026-04-10T17:08:03.500062,1775815500,btc-updown-5m-1775815500,SELL,0.5,10,10,-0.05,STRONG_BEAR
2026-04-10T17:08:35.315995,1775815500,btc-updown-5m-1775815500,BUY,0.62,10,20,-0.01,BEARISH
2026-04-10T17:09:17.794515,1775815500,btc-updown-5m-1775815500,SELL,0.53,10,10,-0.01,BEARISH
2026-04-10T17:09:28.405810,1775815500,btc-updown-5m-1775815500,BUY,0.51,10,20,-0.01,BEARISH
2026-04-10T17:10:01.932791,1775815500,btc-updown-5m-1775815500,SETTLE,0.0,20,0,0.0,DOWN
2026-04-10T17:10:23.635151,1775815800,btc-updown-5m-1775815800,SELL,0.63,10,-10,-0.05,STRONG_BEAR
2026-04-10T17:10:44.874615,1775815800,btc-updown-5m-1775815800,BUY,0.72,10,0,-0.05,STRONG_BEAR
2026-04-10T17:11:16.765934,1775815800,btc-updown-5m-1775815800,BUY,0.61,10,10,-0.05,STRONG_BEAR
2026-04-10T17:11:48.631395,1775815800,btc-updown-5m-1775815800,SELL,0.68,10,0,0.0,NEUTRAL
2026-04-10T17:12:09.964974,1775815800,btc-updown-5m-1775815800,BUY,0.75,10,10,0.0,NEUTRAL
2026-04-10T17:12:41.859717,1775815800,btc-updown-5m-1775815800,BUY,0.63,10,20,0.01,BULLISH
2026-04-10T17:12:52.530980,1775815800,btc-updown-5m-1775815800,SELL,0.65,10,10,0.01,BULLISH
2026-04-10T17:13:24.428747,1775815800,btc-updown-5m-1775815800,SELL,0.85,10,0,0.0,NEUTRAL
2026-04-10T17:13:35.069492,1775815800,btc-updown-5m-1775815800,BUY,0.9,10,10,0.01,BULLISH
2026-04-10T17:13:56.302275,1775815800,btc-updown-5m-1775815800,SELL,0.92,10,0,0.01,BULLISH
2026-04-10T17:15:44.663993,1775816100,btc-updown-5m-1775816100,SELL,0.81,10,-10,0.05,STRONG_BULL
2026-04-10T17:16:05.937816,1775816100,btc-updown-5m-1775816100,BUY,0.82,10,0,0.05,STRONG_BULL
2026-04-10T17:16:27.450641,1775816100,btc-updown-5m-1775816100,SELL,0.75,10,-10,0.05,STRONG_BULL
2026-04-10T17:16:38.077177,1775816100,btc-updown-5m-1775816100,BUY,0.73,10,0,0.05,STRONG_BULL
2026-04-10T17:17:09.916797,1775816100,btc-updown-5m-1775816100,SELL,0.78,10,-10,0.05,STRONG_BULL
2026-04-10T17:17:20.550705,1775816100,btc-updown-5m-1775816100,BUY,0.82,10,0,0.05,STRONG_BULL
2026-04-10T17:17:52.440571,1775816100,btc-updown-5m-1775816100,BUY,0.75,10,10,0.05,STRONG_BULL
2026-04-10T17:18:03.073969,1775816100,btc-updown-5m-1775816100,SELL,0.69,10,0,0.05,STRONG_BULL
2026-04-10T17:18:34.954226,1775816100,btc-updown-5m-1775816100,BUY,0.7,10,10,0.01,BULLISH
2026-04-10T17:18:56.223097,1775816100,btc-updown-5m-1775816100,SELL,0.67,10,0,0.01,BULLISH
2026-04-10T17:19:17.447951,1775816100,btc-updown-5m-1775816100,BUY,0.75,10,10,0.01,BULLISH
2026-04-10T17:19:28.077069,1775816100,btc-updown-5m-1775816100,SELL,0.76,10,0,0.01,BULLISH
2026-04-10T17:20:23.295283,1775816400,btc-updown-5m-1775816400,BUY,0.72,10,10,0.01,BULLISH
2026-04-10T17:20:44.561610,1775816400,btc-updown-5m-1775816400,SELL,0.69,10,0,0.0,NEUTRAL
2026-04-10T17:21:16.443492,1775816400,btc-updown-5m-1775816400,BUY,0.7,10,10,0.01,BULLISH
2026-04-10T17:21:27.062289,1775816400,btc-updown-5m-1775816400,SELL,0.72,10,0,0.01,BULLISH
2026-04-10T17:21:48.298156,1775816400,btc-updown-5m-1775816400,BUY,0.73,10,10,0.01,BULLISH
2026-04-10T17:21:58.931640,1775816400,btc-updown-5m-1775816400,SELL,0.68,10,0,-0.01,BEARISH
2026-04-10T17:22:30.785013,1775816400,btc-updown-5m-1775816400,SELL,0.64,10,-10,-0.05,STRONG_BEAR
2026-04-10T17:22:41.390343,1775816400,btc-updown-5m-1775816400,BUY,0.7,10,0,-0.05,STRONG_BEAR
2026-04-10T17:23:13.263648,1775816400,btc-updown-5m-1775816400,BUY,0.66,10,10,-0.01,BEARISH
2026-04-10T17:23:23.909380,1775816400,btc-updown-5m-1775816400,SELL,0.65,10,0,-0.01,BEARISH
2026-04-10T17:23:45.176979,1775816400,btc-updown-5m-1775816400,BUY,0.64,10,10,-0.01,BEARISH
2026-04-10T17:24:17.147746,1775816400,btc-updown-5m-1775816400,BUY,0.44,10,20,-0.05,STRONG_BEAR
2026-04-10T17:25:01.616005,1775816400,btc-updown-5m-1775816400,SETTLE,0.0,20,0,0.0,DOWN
2026-04-10T17:25:23.316272,1775816700,btc-updown-5m-1775816700,SELL,0.76,10,-10,-0.05,STRONG_BEAR
2026-04-10T17:25:33.980265,1775816700,btc-updown-5m-1775816700,BUY,0.78,10,0,-0.05,STRONG_BEAR
2026-04-10T17:25:55.270955,1775816700,btc-updown-5m-1775816700,SELL,0.8,10,-10,-0.05,STRONG_BEAR
2026-04-10T17:26:48.675954,1775816700,btc-updown-5m-1775816700,BUY,0.88,10,0,-0.01,BEARISH
2026-04-10T17:27:42.014401,1775816700,btc-updown-5m-1775816700,BUY,0.81,10,10,-0.01,BEARISH
2026-04-10T17:28:13.902133,1775816700,btc-updown-5m-1775816700,BUY,0.65,10,20,-0.05,STRONG_BEAR
2026-04-10T17:28:35.183096,1775816700,btc-updown-5m-1775816700,SELL,0.51,10,10,-0.05,STRONG_BEAR
2026-04-10T17:29:07.116701,1775816700,btc-updown-5m-1775816700,BUY,0.57,10,20,-0.05,STRONG_BEAR
2026-04-10T17:29:17.751988,1775816700,btc-updown-5m-1775816700,SELL,0.58,10,10,-0.05,STRONG_BEAR
2026-04-10T17:30:02.258849,1775816700,btc-updown-5m-1775816700,SETTLE,0.0,10,0,0.0,DOWN
2026-04-10T17:30:24.025080,1775817000,btc-updown-5m-1775817000,BUY,0.82,10,10,0.0,NEUTRAL
2026-04-10T17:30:45.346351,1775817000,btc-updown-5m-1775817000,SELL,0.74,10,0,-0.01,BEARISH
2026-04-10T17:31:27.932628,1775817000,btc-updown-5m-1775817000,SELL,0.78,10,-10,-0.05,STRONG_BEAR
2026-04-10T17:31:38.581696,1775817000,btc-updown-5m-1775817000,BUY,0.84,10,0,-0.01,BEARISH
2026-04-10T17:32:21.189359,1775817000,btc-updown-5m-1775817000,SELL,0.82,10,-10,-0.01,BEARISH
2026-04-10T17:33:03.625410,1775817000,btc-updown-5m-1775817000,SELL,0.93,10,-20,0.0,NEUTRAL
2026-04-10T17:33:56.750273,1775817000,btc-updown-5m-1775817000,BUY,0.95,10,-10,0.0,NEUTRAL
2026-04-10T17:35:02.217657,1775817000,btc-updown-5m-1775817000,SETTLE,0.0,10,0,0.0,DOWN
2026-04-10T17:35:34.519927,1775817300,btc-updown-5m-1775817300,BUY,0.78,10,10,0.05,STRONG_BULL
2026-04-10T17:36:06.386515,1775817300,btc-updown-5m-1775817300,BUY,0.69,10,20,0.01,BULLISH
2026-04-10T17:36:17.006289,1775817300,btc-updown-5m-1775817300,SELL,0.6,10,10,-0.01,BEARISH
2026-04-10T17:36:48.849972,1775817300,btc-updown-5m-1775817300,SELL,0.67,10,0,0.0,NEUTRAL
2026-04-10T17:37:20.695258,1775817300,btc-updown-5m-1775817300,BUY,0.75,10,10,0.0,NEUTRAL
2026-04-10T17:37:52.518454,1775817300,btc-updown-5m-1775817300,SELL,0.75,10,0,0.01,BULLISH
2026-04-10T17:38:34.983884,1775817300,btc-updown-5m-1775817300,SELL,0.89,10,-10,0.01,BULLISH
2026-04-10T17:38:56.272147,1775817300,btc-updown-5m-1775817300,BUY,0.97,10,0,0.05,STRONG_BULL
2026-04-10T17:39:06.901416,1775817300,btc-updown-5m-1775817300,SELL,0.87,10,-10,0.01,BULLISH
2026-04-10T17:40:01.658446,1775817300,btc-updown-5m-1775817300,SETTLE,1.0,10,0,0.0,UP
2026-04-10T17:40:33.937650,1775817600,btc-updown-5m-1775817600,SELL,0.75,10,-10,0.0,NEUTRAL
2026-04-10T17:41:05.826029,1775817600,btc-updown-5m-1775817600,BUY,0.81,10,0,0.0,NEUTRAL
2026-04-10T17:41:16.482150,1775817600,btc-updown-5m-1775817600,SELL,0.88,10,-10,0.05,STRONG_BULL
2026-04-10T17:41:37.770255,1775817600,btc-updown-5m-1775817600,BUY,0.95,10,0,0.05,STRONG_BULL
2026-04-10T17:42:09.612692,1775817600,btc-updown-5m-1775817600,SELL,0.84,10,-10,-0.05,BEARISH_DIV
2026-04-10T17:42:20.242023,1775817600,btc-updown-5m-1775817600,BUY,0.88,10,0,0.0,NEUTRAL
2026-04-10T17:42:52.178941,1775817600,btc-updown-5m-1775817600,SELL,0.89,10,-10,-0.05,BEARISH_DIV
2026-04-10T17:43:24.007978,1775817600,btc-updown-5m-1775817600,SELL,0.95,10,-20,0.0,NEUTRAL
2026-04-10T17:43:34.635386,1775817600,btc-updown-5m-1775817600,BUY,0.96,10,-10,0.0,NEUTRAL
2026-04-10T17:44:06.511823,1775817600,btc-updown-5m-1775817600,BUY,0.93,10,0,0.0,NEUTRAL
2026-04-10T17:44:27.755735,1775817600,btc-updown-5m-1775817600,SELL,0.93,10,-10,0.0,NEUTRAL
2026-04-10T17:45:01.223068,1775817600,btc-updown-5m-1775817600,SETTLE,1.0,10,0,0.0,UP
2026-04-10T17:45:22.890603,1775817900,btc-updown-5m-1775817900,SELL,0.71,10,-10,0.0,NEUTRAL
2026-04-10T17:45:33.527712,1775817900,btc-updown-5m-1775817900,BUY,0.71,10,0,0.0,NEUTRAL
2026-04-10T17:45:54.811359,1775817900,btc-updown-5m-1775817900,SELL,0.77,10,-10,0.0,NEUTRAL
2026-04-10T17:46:05.431903,1775817900,btc-updown-5m-1775817900,BUY,0.82,10,0,0.0,NEUTRAL
2026-04-10T17:46:26.686114,1775817900,btc-updown-5m-1775817900,SELL,0.84,10,-10,0.0,NEUTRAL
2026-04-10T17:46:37.305823,1775817900,btc-updown-5m-1775817900,BUY,0.86,10,0,0.0,NEUTRAL
2026-04-10T17:47:09.208252,1775817900,btc-updown-5m-1775817900,SELL,0.87,10,-10,0.0,NEUTRAL
2026-04-10T17:47:19.832631,1775817900,btc-updown-5m-1775817900,BUY,0.91,10,0,0.0,NEUTRAL
2026-04-10T17:47:51.723084,1775817900,btc-updown-5m-1775817900,BUY,0.75,10,10,-0.01,BEARISH
2026-04-10T17:48:02.332737,1775817900,btc-updown-5m-1775817900,SELL,0.76,10,0,-0.01,BEARISH
2026-04-10T17:48:23.593849,1775817900,btc-updown-5m-1775817900,BUY,0.78,10,10,-0.01,BEARISH
2026-04-10T17:48:34.220685,1775817900,btc-updown-5m-1775817900,SELL,0.79,10,0,-0.01,BEARISH
2026-04-10T17:49:06.135901,1775817900,btc-updown-5m-1775817900,BUY,0.9,10,10,0.0,NEUTRAL
2026-04-10T17:49:27.380916,1775817900,btc-updown-5m-1775817900,SELL,0.79,10,0,0.0,NEUTRAL
2026-04-10T17:50:33.417159,1775818200,btc-updown-5m-1775818200,BUY,0.71,10,10,0.0,NEUTRAL
2026-04-10T17:50:54.634192,1775818200,btc-updown-5m-1775818200,SELL,0.7,10,0,0.0,NEUTRAL
2026-04-10T17:51:26.539917,1775818200,btc-updown-5m-1775818200,SELL,0.98,10,-10,0.05,STRONG_BULL
2026-04-10T17:51:37.154799,1775818200,btc-updown-5m-1775818200,BUY,0.97,10,0,0.05,STRONG_BULL
2026-04-10T17:51:58.377383,1775818200,btc-updown-5m-1775818200,SELL,0.91,10,-10,0.05,STRONG_BULL
2026-04-10T17:52:51.500557,1775818200,btc-updown-5m-1775818200,BUY,0.98,10,0,0.05,STRONG_BULL
2026-04-10T17:53:23.365232,1775818200,btc-updown-5m-1775818200,SELL,0.97,10,-10,0.05,STRONG_BULL
2026-04-10T17:55:00.493748,1775818200,btc-updown-5m-1775818200,SETTLE,1.0,10,0,0.0,UP
2026-04-10T17:55:22.152489,1775818500,btc-updown-5m-1775818500,SELL,0.79,10,-10,0.05,STRONG_BULL
2026-04-10T17:55:54.014044,1775818500,btc-updown-5m-1775818500,BUY,0.86,10,0,0.05,STRONG_BULL
2026-04-10T17:56:04.631860,1775818500,btc-updown-5m-1775818500,SELL,0.83,10,-10,0.05,STRONG_BULL
2026-04-10T17:56:36.499642,1775818500,btc-updown-5m-1775818500,BUY,0.82,10,0,0.0,NEUTRAL
2026-04-10T17:57:08.364228,1775818500,btc-updown-5m-1775818500,BUY,0.82,10,10,0.05,STRONG_BULL
2026-04-10T17:57:18.984814,1775818500,btc-updown-5m-1775818500,SELL,0.74,10,0,0.0,NEUTRAL
2026-04-10T17:58:01.475043,1775818500,btc-updown-5m-1775818500,SELL,0.91,10,-10,0.05,STRONG_BULL
2026-04-10T17:58:43.971095,1775818500,btc-updown-5m-1775818500,SELL,0.96,10,-20,0.05,STRONG_BULL
2026-04-10T17:59:15.864840,1775818500,btc-updown-5m-1775818500,BUY,0.98,10,-10,0.05,STRONG_BULL
2026-04-10T17:59:26.481979,1775818500,btc-updown-5m-1775818500,SELL,0.9,10,-20,0.01,BULLISH
2026-04-10T18:00:02.569548,1775818500,btc-updown-5m-1775818500,SETTLE,1.0,20,0,0.0,UP
2026-04-10T18:00:24.299057,1775818800,btc-updown-5m-1775818800,SELL,0.71,10,-10,0.01,BULLISH
2026-04-10T18:01:17.354114,1775818800,btc-updown-5m-1775818800,SELL,0.82,10,-20,0.01,BULLISH
2026-04-10T18:02:10.465125,1775818800,btc-updown-5m-1775818800,BUY,0.98,10,-10,0.05,STRONG_BULL
2026-04-10T18:05:02.241084,1775818800,btc-updown-5m-1775818800,SETTLE,1.0,10,0,0.0,UP
2026-04-10T18:05:23.913608,1775819100,btc-updown-5m-1775819100,BUY,0.74,10,10,0.05,STRONG_BULL
2026-04-10T18:06:06.419236,1775819100,btc-updown-5m-1775819100,SELL,0.72,10,0,0.05,STRONG_BULL
2026-04-10T18:06:17.096503,1775819100,btc-updown-5m-1775819100,BUY,0.73,10,10,0.05,STRONG_BULL
2026-04-10T18:06:48.967392,1775819100,btc-updown-5m-1775819100,SELL,0.61,10,0,0.0,NEUTRAL
2026-04-10T18:06:59.582728,1775819100,btc-updown-5m-1775819100,BUY,0.59,10,10,0.0,NEUTRAL
2026-04-10T18:07:31.554842,1775819100,btc-updown-5m-1775819100,BUY,0.73,10,20,0.05,STRONG_BULL
2026-04-10T18:07:42.212397,1775819100,btc-updown-5m-1775819100,SELL,0.62,10,10,-0.01,BEARISH
2026-04-10T18:08:14.152068,1775819100,btc-updown-5m-1775819100,SELL,0.77,10,0,0.0,NEUTRAL
2026-04-10T18:08:35.351506,1775819100,btc-updown-5m-1775819100,BUY,0.97,10,10,0.05,STRONG_BULL
2026-04-10T18:09:07.217465,1775819100,btc-updown-5m-1775819100,SELL,0.92,10,0,0.0,NEUTRAL
2026-04-10T18:10:23.789775,1775819400,btc-updown-5m-1775819400,BUY,0.74,10,10,0.05,STRONG_BULL
2026-04-10T18:10:55.626751,1775819400,btc-updown-5m-1775819400,SELL,0.69,10,0,0.05,STRONG_BULL
2026-04-10T18:11:06.240084,1775819400,btc-updown-5m-1775819400,BUY,0.67,10,10,0.05,STRONG_BULL
2026-04-10T18:11:27.496498,1775819400,btc-updown-5m-1775819400,SELL,0.69,10,0,0.05,STRONG_BULL
2026-04-10T18:11:38.103184,1775819400,btc-updown-5m-1775819400,BUY,0.74,10,10,0.05,STRONG_BULL
2026-04-10T18:12:31.210654,1775819400,btc-updown-5m-1775819400,SELL,0.71,10,0,0.05,STRONG_BULL
2026-04-10T18:12:52.462819,1775819400,btc-updown-5m-1775819400,BUY,0.77,10,10,0.05,STRONG_BULL
2026-04-10T18:13:13.686921,1775819400,btc-updown-5m-1775819400,SELL,0.71,10,0,0.05,STRONG_BULL
2026-04-10T18:13:45.545889,1775819400,btc-updown-5m-1775819400,SELL,0.98,10,-10,0.05,STRONG_BULL
2026-04-10T18:13:56.165311,1775819400,btc-updown-5m-1775819400,BUY,0.98,10,0,0.05,STRONG_BULL
2026-04-10T18:14:28.033093,1775819400,btc-updown-5m-1775819400,SELL,0.78,10,-10,0.05,STRONG_BULL
2026-04-10T18:15:01.642169,1775819400,btc-updown-5m-1775819400,SETTLE,1.0,10,0,0.0,UP
2026-04-10T18:15:23.369866,1775819700,btc-updown-5m-1775819700,BUY,0.67,10,10,0.01,BULLISH
2026-04-10T18:15:34.013896,1775819700,btc-updown-5m-1775819700,SELL,0.73,10,0,0.05,STRONG_BULL
2026-04-10T18:16:05.878241,1775819700,btc-updown-5m-1775819700,SELL,0.81,10,-10,0.05,STRONG_BULL
2026-04-10T18:16:16.514750,1775819700,btc-updown-5m-1775819700,BUY,0.87,10,0,0.05,STRONG_BULL
2026-04-10T18:16:48.404261,1775819700,btc-updown-5m-1775819700,SELL,0.86,10,-10,0.05,STRONG_BULL
2026-04-10T18:17:09.667647,1775819700,btc-updown-5m-1775819700,BUY,0.89,10,0,0.05,STRONG_BULL
2026-04-10T18:17:41.605635,1775819700,btc-updown-5m-1775819700,SELL,0.81,10,-10,0.05,STRONG_BULL
2026-04-10T18:18:13.478337,1775819700,btc-updown-5m-1775819700,BUY,0.8,10,0,0.05,STRONG_BULL
2026-04-10T18:18:24.101232,1775819700,btc-updown-5m-1775819700,SELL,0.75,10,-10,0.01,BULLISH
2026-04-10T18:18:45.367142,1775819700,btc-updown-5m-1775819700,BUY,0.76,10,0,-0.05,STRONG_BEAR
2026-04-10T18:19:17.232227,1775819700,btc-updown-5m-1775819700,SELL,0.68,10,-10,-0.01,BEARISH
2026-04-10T18:20:01.571214,1775819700,btc-updown-5m-1775819700,SETTLE,1.0,10,0,0.0,UP
2026-04-10T18:20:23.326301,1775820000,btc-updown-5m-1775820000,SELL,0.75,10,-10,0.0,NEUTRAL
2026-04-10T18:20:33.947796,1775820000,btc-updown-5m-1775820000,BUY,0.69,10,0,-0.05,BEARISH_DIV
2026-04-10T18:21:16.477146,1775820000,btc-updown-5m-1775820000,SELL,0.77,10,-10,0.0,NEUTRAL
2026-04-10T18:21:37.746462,1775820000,btc-updown-5m-1775820000,BUY,0.77,10,0,-0.05,BEARISH_DIV
2026-04-10T18:21:48.404655,1775820000,btc-updown-5m-1775820000,SELL,0.76,10,-10,-0.05,BEARISH_DIV
2026-04-10T18:22:09.650954,1775820000,btc-updown-5m-1775820000,BUY,0.79,10,0,0.0,NEUTRAL
2026-04-10T18:22:20.281245,1775820000,btc-updown-5m-1775820000,SELL,0.74,10,-10,0.0,NEUTRAL
2026-04-10T18:22:52.155619,1775820000,btc-updown-5m-1775820000,BUY,0.71,10,0,-0.05,BEARISH_DIV
2026-04-10T18:23:24.006484,1775820000,btc-updown-5m-1775820000,SELL,0.73,10,-10,0.0,NEUTRAL
2026-04-10T18:23:34.648858,1775820000,btc-updown-5m-1775820000,BUY,0.77,10,0,0.0,NEUTRAL
2026-04-10T18:23:55.878558,1775820000,btc-updown-5m-1775820000,SELL,0.77,10,-10,-0.05,BEARISH_DIV
2026-04-10T18:24:17.106118,1775820000,btc-updown-5m-1775820000,BUY,0.85,10,0,-0.05,BEARISH_DIV
2026-04-10T18:25:23.061262,1775820300,btc-updown-5m-1775820300,BUY,0.63,10,10,0.0,NEUTRAL
2026-04-10T18:25:33.687323,1775820300,btc-updown-5m-1775820300,SELL,0.57,10,0,-0.05,STRONG_BEAR
2026-04-10T18:26:05.547507,1775820300,btc-updown-5m-1775820300,BUY,0.61,10,10,-0.05,STRONG_BEAR
2026-04-10T18:26:48.064519,1775820300,btc-updown-5m-1775820300,SELL,0.57,10,0,-0.05,STRONG_BEAR
2026-04-10T18:26:58.686404,1775820300,btc-updown-5m-1775820300,BUY,0.56,10,10,-0.05,STRONG_BEAR
2026-04-10T18:27:19.917558,1775820300,btc-updown-5m-1775820300,SELL,0.57,10,0,-0.05,STRONG_BEAR
2026-04-10T18:27:51.786551,1775820300,btc-updown-5m-1775820300,SELL,0.72,10,-10,0.0,NEUTRAL
2026-04-10T18:28:13.008205,1775820300,btc-updown-5m-1775820300,BUY,0.77,10,0,0.01,BULLISH
2026-04-10T18:28:23.628462,1775820300,btc-updown-5m-1775820300,SELL,0.73,10,-10,-0.01,BEARISH
2026-04-10T18:28:55.474271,1775820300,btc-updown-5m-1775820300,BUY,0.79,10,0,-0.01,BEARISH
2026-04-10T18:29:27.346260,1775820300,btc-updown-5m-1775820300,BUY,0.74,10,10,0.0,NEUTRAL
2026-04-10T18:30:00.810528,1775820300,btc-updown-5m-1775820300,SETTLE,1.0,10,0,0.0,UP
2026-04-10T18:30:22.511346,1775820600,btc-updown-5m-1775820600,BUY,0.75,10,10,0.05,STRONG_BULL
2026-04-10T18:30:43.748553,1775820600,btc-updown-5m-1775820600,SELL,0.76,10,0,0.05,STRONG_BULL
2026-04-10T18:31:05.012018,1775820600,btc-updown-5m-1775820600,BUY,0.78,10,10,0.05,STRONG_BULL
2026-04-10T18:31:36.941910,1775820600,btc-updown-5m-1775820600,BUY,0.71,10,20,0.05,STRONG_BULL
2026-04-10T18:33:12.605623,1775820600,btc-updown-5m-1775820600,SELL,0.51,10,10,0.0,NEUTRAL
2026-04-10T18:33:33.847286,1775820600,btc-updown-5m-1775820600,BUY,0.5,10,20,0.0,NEUTRAL
2026-04-10T18:33:44.488697,1775820600,btc-updown-5m-1775820600,SELL,0.51,10,10,0.0,NEUTRAL
2026-04-10T18:34:05.745621,1775820600,btc-updown-5m-1775820600,BUY,0.57,10,20,0.0,NEUTRAL
2026-04-10T18:35:00.478640,1775820600,btc-updown-5m-1775820600,SETTLE,0.0,20,0,0.0,DOWN
2026-04-10T18:35:32.754322,1775820900,btc-updown-5m-1775820900,SELL,0.73,10,-10,-0.05,STRONG_BEAR
2026-04-10T18:36:04.674168,1775820900,btc-updown-5m-1775820900,BUY,0.78,10,0,-0.05,STRONG_BEAR
2026-04-10T18:36:25.917054,1775820900,btc-updown-5m-1775820900,SELL,0.75,10,-10,-0.05,STRONG_BEAR
2026-04-10T18:36:36.564983,1775820900,btc-updown-5m-1775820900,BUY,0.85,10,0,-0.01,BEARISH
2026-04-10T18:36:57.853766,1775820900,btc-updown-5m-1775820900,SELL,0.81,10,-10,-0.01,BEARISH
2026-04-10T18:38:12.181898,1775820900,btc-updown-5m-1775820900,SELL,0.94,10,-20,-0.05,BEARISH_DIV
2026-04-10T18:38:49.678739,1775820900,btc-updown-5m-1775820900,BUY,0.98,10,-10,0.05,STRONG_BULL
2026-04-10T18:40:00.262954,1775820900,btc-updown-5m-1775820900,SETTLE,1.0,10,0,0.0,UP
2026-04-10T18:40:32.744248,1775821200,btc-updown-5m-1775821200,SELL,0.71,10,-10,-0.05,BEARISH_DIV
2026-04-10T18:40:53.989012,1775821200,btc-updown-5m-1775821200,BUY,0.74,10,0,-0.05,BEARISH_DIV
2026-04-10T18:41:25.832548,1775821200,btc-updown-5m-1775821200,SELL,0.65,10,-10,-0.05,BEARISH_DIV
2026-04-10T18:41:47.084754,1775821200,btc-updown-5m-1775821200,BUY,0.71,10,0,0.0,NEUTRAL
2026-04-10T18:42:29.536525,1775821200,btc-updown-5m-1775821200,SELL,0.7,10,-10,0.0,NEUTRAL
2026-04-10T18:42:50.791683,1775821200,btc-updown-5m-1775821200,BUY,0.75,10,0,0.0,NEUTRAL
2026-04-10T18:43:01.422002,1775821200,btc-updown-5m-1775821200,SELL,0.72,10,-10,0.0,NEUTRAL
2026-04-10T18:43:22.679330,1775821200,btc-updown-5m-1775821200,BUY,0.66,10,0,0.0,NEUTRAL
2026-04-10T18:43:43.931653,1775821200,btc-updown-5m-1775821200,SELL,0.63,10,-10,-0.05,STRONG_BEAR
2026-04-10T18:43:54.559562,1775821200,btc-updown-5m-1775821200,BUY,0.75,10,0,0.0,NEUTRAL
2026-04-10T18:44:15.789968,1775821200,btc-updown-5m-1775821200,SELL,0.73,10,-10,0.01,BULLISH
2026-04-10T18:45:02.430657,1775821200,btc-updown-5m-1775821200,SETTLE,0.0,10,0,0.0,DOWN
2026-04-10T18:45:24.162356,1775821500,btc-updown-5m-1775821500,BUY,0.65,10,10,-0.05,STRONG_BEAR
2026-04-10T18:45:34.769200,1775821500,btc-updown-5m-1775821500,SELL,0.65,10,0,-0.05,STRONG_BEAR
2026-04-10T18:46:06.662870,1775821500,btc-updown-5m-1775821500,SELL,0.73,10,-10,-0.05,STRONG_BEAR
2026-04-10T18:46:27.905679,1775821500,btc-updown-5m-1775821500,BUY,0.76,10,0,-0.05,STRONG_BEAR
2026-04-10T18:46:38.543880,1775821500,btc-updown-5m-1775821500,SELL,0.7,10,-10,-0.05,STRONG_BEAR
2026-04-10T18:46:59.771857,1775821500,btc-updown-5m-1775821500,BUY,0.74,10,0,-0.05,STRONG_BEAR
2026-04-10T18:47:10.416151,1775821500,btc-updown-5m-1775821500,SELL,0.67,10,-10,-0.05,STRONG_BEAR
2026-04-10T18:47:31.704872,1775821500,btc-updown-5m-1775821500,BUY,0.7,10,0,-0.05,STRONG_BEAR
2026-04-10T18:47:42.339707,1775821500,btc-updown-5m-1775821500,SELL,0.68,10,-10,-0.05,STRONG_BEAR
2026-04-10T18:48:14.185200,1775821500,btc-updown-5m-1775821500,SELL,0.84,10,-20,-0.05,STRONG_BEAR
2026-04-10T18:50:01.986603,1775821500,btc-updown-5m-1775821500,SETTLE,1.0,20,0,0.0,UP
2026-04-10T18:50:23.710081,1775821800,btc-updown-5m-1775821800,BUY,0.78,10,10,0.05,STRONG_BULL
2026-04-10T18:50:44.950240,1775821800,btc-updown-5m-1775821800,SELL,0.74,10,0,0.05,STRONG_BULL
2026-04-10T18:51:06.205656,1775821800,btc-updown-5m-1775821800,BUY,0.74,10,10,0.05,STRONG_BULL
2026-04-10T18:51:16.847703,1775821800,btc-updown-5m-1775821800,SELL,0.75,10,0,0.05,STRONG_BULL
2026-04-10T18:51:38.080690,1775821800,btc-updown-5m-1775821800,BUY,0.73,10,10,0.05,STRONG_BULL
2026-04-10T18:51:48.711004,1775821800,btc-updown-5m-1775821800,SELL,0.73,10,0,0.05,STRONG_BULL
2026-04-10T18:52:09.940850,1775821800,btc-updown-5m-1775821800,BUY,0.77,10,10,0.05,STRONG_BULL
2026-04-10T18:52:41.814769,1775821800,btc-updown-5m-1775821800,SELL,0.76,10,0,0.05,STRONG_BULL
2026-04-10T18:53:03.068868,1775821800,btc-updown-5m-1775821800,BUY,0.81,10,10,0.05,STRONG_BULL
2026-04-10T18:53:45.542199,1775821800,btc-updown-5m-1775821800,BUY,0.56,10,20,0.05,BULLISH_DIV
2026-04-10T18:55:01.562518,1775821800,btc-updown-5m-1775821800,SETTLE,0.0,20,0,0.0,DOWN
2026-04-10T18:55:23.264775,1775822100,btc-updown-5m-1775822100,BUY,0.76,10,10,0.05,BULLISH_DIV
2026-04-10T18:55:55.110884,1775822100,btc-updown-5m-1775822100,BUY,0.73,10,20,0.05,BULLISH_DIV
2026-04-10T18:56:48.216796,1775822100,btc-updown-5m-1775822100,SELL,0.59,10,10,0.05,BULLISH_DIV
2026-04-10T18:56:58.869956,1775822100,btc-updown-5m-1775822100,BUY,0.58,10,20,0.05,BULLISH_DIV
2026-04-10T18:58:34.427960,1775822100,btc-updown-5m-1775822100,SELL,0.46,10,10,-0.05,STRONG_BEAR
2026-04-10T18:59:06.271524,1775822100,btc-updown-5m-1775822100,BUY,0.45,10,20,-0.05,STRONG_BEAR
2026-04-10T18:59:16.905894,1775822100,btc-updown-5m-1775822100,SELL,0.45,10,10,-0.05,STRONG_BEAR
2026-04-10T19:00:00.985670,1775822100,btc-updown-5m-1775822100,SETTLE,0.0,10,0,0.0,DOWN
2026-04-10T19:00:22.665868,1775822400,btc-updown-5m-1775822400,BUY,0.65,10,10,-0.05,STRONG_BEAR
2026-04-10T19:00:43.891740,1775822400,btc-updown-5m-1775822400,SELL,0.6,10,0,-0.05,STRONG_BEAR
2026-04-10T19:01:05.139111,1775822400,btc-updown-5m-1775822400,BUY,0.73,10,10,-0.01,BEARISH
2026-04-10T19:01:15.788625,1775822400,btc-updown-5m-1775822400,SELL,0.65,10,0,-0.05,STRONG_BEAR
2026-04-10T19:01:37.074339,1775822400,btc-updown-5m-1775822400,BUY,0.73,10,10,0.0,NEUTRAL
2026-04-10T19:01:47.686906,1775822400,btc-updown-5m-1775822400,SELL,0.67,10,0,-0.01,BEARISH
2026-04-10T19:02:19.547817,1775822400,btc-updown-5m-1775822400,SELL,0.73,10,-10,0.0,NEUTRAL
2026-04-10T19:02:51.395195,1775822400,btc-updown-5m-1775822400,BUY,0.85,10,0,0.0,NEUTRAL
2026-04-10T19:03:02.011634,1775822400,btc-updown-5m-1775822400,SELL,0.8,10,-10,-0.05,BEARISH_DIV
2026-04-10T19:05:00.398221,1775822400,btc-updown-5m-1775822400,SETTLE,1.0,10,0,0.0,UP
2026-04-10T19:05:22.051044,1775822700,btc-updown-5m-1775822700,SELL,0.83,10,-10,0.05,STRONG_BULL
2026-04-10T19:05:53.889597,1775822700,btc-updown-5m-1775822700,BUY,0.85,10,0,0.05,STRONG_BULL
2026-04-10T19:06:46.998121,1775822700,btc-updown-5m-1775822700,BUY,0.69,10,10,0.05,STRONG_BULL
2026-04-10T19:07:18.859846,1775822700,btc-updown-5m-1775822700,SELL,0.68,10,0,0.05,STRONG_BULL
2026-04-10T19:07:29.487879,1775822700,btc-updown-5m-1775822700,BUY,0.69,10,10,0.05,STRONG_BULL
2026-04-10T19:08:01.327020,1775822700,btc-updown-5m-1775822700,BUY,0.53,10,20,0.0,NEUTRAL
2026-04-10T19:08:22.574660,1775822700,btc-updown-5m-1775822700,SELL,0.46,10,10,-0.05,STRONG_BEAR
2026-04-10T19:08:43.853466,1775822700,btc-updown-5m-1775822700,BUY,0.44,10,20,-0.05,STRONG_BEAR
2026-04-10T19:09:05.104628,1775822700,btc-updown-5m-1775822700,SELL,0.46,10,10,-0.05,STRONG_BEAR
2026-04-10T19:09:15.739827,1775822700,btc-updown-5m-1775822700,BUY,0.44,10,20,-0.05,STRONG_BEAR
2026-04-10T19:10:02.457854,1775822700,btc-updown-5m-1775822700,SETTLE,0.0,20,0,0.0,DOWN
2026-04-10T19:10:24.129455,1775823000,btc-updown-5m-1775823000,BUY,0.61,10,10,-0.05,STRONG_BEAR
2026-04-10T19:10:55.971584,1775823000,btc-updown-5m-1775823000,SELL,0.61,10,0,-0.05,STRONG_BEAR
2026-04-10T19:11:06.612488,1775823000,btc-updown-5m-1775823000,BUY,0.63,10,10,-0.05,STRONG_BEAR
2026-04-10T19:11:27.866949,1775823000,btc-updown-5m-1775823000,SELL,0.66,10,0,-0.01,BEARISH
2026-04-10T19:11:38.502887,1775823000,btc-updown-5m-1775823000,BUY,0.69,10,10,-0.01,BEARISH
2026-04-10T19:12:10.327565,1775823000,btc-updown-5m-1775823000,BUY,0.53,10,20,-0.05,STRONG_BEAR
2026-04-10T19:12:42.197736,1775823000,btc-updown-5m-1775823000,SELL,0.5,10,10,-0.05,STRONG_BEAR
2026-04-10T19:12:52.832468,1775823000,btc-updown-5m-1775823000,BUY,0.51,10,20,-0.05,STRONG_BEAR
2026-04-10T19:13:24.757469,1775823000,btc-updown-5m-1775823000,SELL,0.51,10,10,-0.05,STRONG_BEAR
2026-04-10T19:13:35.382439,1775823000,btc-updown-5m-1775823000,BUY,0.49,10,20,-0.05,STRONG_BEAR
2026-04-10T19:15:02.131292,1775823000,btc-updown-5m-1775823000,SETTLE,0.0,20,0,0.0,DOWN
2026-04-10T19:15:23.832922,1775823300,btc-updown-5m-1775823300,SELL,0.81,10,-10,-0.01,BEARISH
2026-04-10T19:15:34.459078,1775823300,btc-updown-5m-1775823300,BUY,0.83,10,0,0.0,NEUTRAL
2026-04-10T19:16:27.597829,1775823300,btc-updown-5m-1775823300,SELL,0.83,10,-10,-0.01,BEARISH
2026-04-10T19:16:38.292034,1775823300,btc-updown-5m-1775823300,BUY,0.78,10,0,-0.05,STRONG_BEAR
2026-04-10T19:17:20.878121,1775823300,btc-updown-5m-1775823300,BUY,0.82,10,10,0.0,NEUTRAL
2026-04-10T19:18:14.107092,1775823300,btc-updown-5m-1775823300,BUY,0.78,10,20,-0.01,BEARISH
2026-04-10T19:18:35.366519,1775823300,btc-updown-5m-1775823300,SELL,0.58,10,10,-0.05,STRONG_BEAR
2026-04-10T19:19:07.279123,1775823300,btc-updown-5m-1775823300,SELL,0.91,10,0,-0.05,BEARISH_DIV
2026-04-10T19:20:22.214870,1775823600,btc-updown-5m-1775823600,BUY,0.66,10,10,-0.05,BEARISH_DIV
2026-04-10T19:20:33.794153,1775823600,btc-updown-5m-1775823600,SELL,0.67,10,0,-0.05,BEARISH_DIV
2026-04-10T19:21:05.619683,1775823600,btc-updown-5m-1775823600,BUY,0.84,10,10,0.05,STRONG_BULL
2026-04-10T19:21:16.214325,1775823600,btc-updown-5m-1775823600,SELL,0.86,10,0,0.05,STRONG_BULL
2026-04-10T19:23:04.734467,1775823600,btc-updown-5m-1775823600,BUY,0.98,10,10,0.05,STRONG_BULL
2026-04-10T19:23:36.683824,1775823600,btc-updown-5m-1775823600,BUY,0.98,10,20,0.05,STRONG_BULL
2026-04-10T19:25:00.726341,1775823600,btc-updown-5m-1775823600,SETTLE,0.0,20,0,0.0,DOWN
2026-04-10T19:25:22.446245,1775823900,btc-updown-5m-1775823900,BUY,0.77,10,10,0.05,BULLISH_DIV
2026-04-10T19:25:33.091523,1775823900,btc-updown-5m-1775823900,SELL,0.79,10,0,0.05,BULLISH_DIV
2026-04-10T19:25:54.374019,1775823900,btc-updown-5m-1775823900,BUY,0.77,10,10,0.05,BULLISH_DIV
2026-04-10T19:26:26.246393,1775823900,btc-updown-5m-1775823900,SELL,0.62,10,0,0.05,BULLISH_DIV
2026-04-10T19:26:47.526500,1775823900,btc-updown-5m-1775823900,BUY,0.65,10,10,0.05,BULLISH_DIV
2026-04-10T19:27:19.402118,1775823900,btc-updown-5m-1775823900,BUY,0.45,10,20,-0.05,STRONG_BEAR
2026-04-10T19:27:30.026821,1775823900,btc-updown-5m-1775823900,SELL,0.46,10,10,-0.05,STRONG_BEAR
2026-04-10T19:28:01.964209,1775823900,btc-updown-5m-1775823900,BUY,0.46,10,20,-0.05,STRONG_BEAR
2026-04-10T19:28:33.838594,1775823900,btc-updown-5m-1775823900,SELL,0.46,10,10,-0.05,STRONG_BEAR
2026-04-10T19:28:55.111582,1775823900,btc-updown-5m-1775823900,BUY,0.45,10,20,-0.05,STRONG_BEAR
2026-04-10T19:30:00.743084,1775823900,btc-updown-5m-1775823900,SETTLE,1.0,20,0,0.0,UP
2026-04-10T19:30:22.502400,1775824200,btc-updown-5m-1775824200,BUY,0.78,10,10,0.05,STRONG_BULL
2026-04-10T19:30:33.130102,1775824200,btc-updown-5m-1775824200,SELL,0.62,10,0,-0.05,STRONG_BEAR
2026-04-10T19:31:05.050809,1775824200,btc-updown-5m-1775824200,BUY,0.96,10,10,0.05,STRONG_BULL
2026-04-10T19:31:26.359003,1775824200,btc-updown-5m-1775824200,SELL,0.93,10,0,0.05,STRONG_BULL
2026-04-10T19:32:30.112699,1775824200,btc-updown-5m-1775824200,BUY,0.98,10,10,0.05,STRONG_BULL
2026-04-10T19:35:02.224592,1775824200,btc-updown-5m-1775824200,SETTLE,1.0,10,0,0.0,UP
2026-04-10T19:35:24.007236,1775824500,btc-updown-5m-1775824500,SELL,0.76,10,-10,0.05,STRONG_BULL
2026-04-10T19:36:06.568399,1775824500,btc-updown-5m-1775824500,BUY,0.72,10,0,0.01,BULLISH
2026-04-10T19:36:17.224446,1775824500,btc-updown-5m-1775824500,SELL,0.72,10,-10,0.05,BULLISH_DIV
2026-04-10T19:36:38.461730,1775824500,btc-updown-5m-1775824500,BUY,0.67,10,0,0.05,BULLISH_DIV
2026-04-10T19:37:10.302703,1775824500,btc-updown-5m-1775824500,BUY,0.62,10,10,0.05,BULLISH_DIV
2026-04-10T19:37:42.184080,1775824500,btc-updown-5m-1775824500,BUY,0.57,10,20,0.05,BULLISH_DIV
2026-04-10T19:38:14.104020,1775824500,btc-updown-5m-1775824500,SELL,0.54,10,10,0.05,BULLISH_DIV
2026-04-10T19:38:24.722079,1775824500,btc-updown-5m-1775824500,BUY,0.53,10,20,0.05,BULLISH_DIV
2026-04-10T19:40:00.243612,1775824500,btc-updown-5m-1775824500,SETTLE,0.0,20,0,0.0,DOWN
2026-04-10T19:40:32.596032,1775824800,btc-updown-5m-1775824800,SELL,0.79,10,-10,0.0,NEUTRAL
2026-04-10T19:41:04.556282,1775824800,btc-updown-5m-1775824800,SELL,0.88,10,-20,0.0,NEUTRAL
2026-04-10T19:41:25.812202,1775824800,btc-updown-5m-1775824800,BUY,0.98,10,-10,0.05,STRONG_BULL
2026-04-10T19:42:08.345214,1775824800,btc-updown-5m-1775824800,BUY,0.92,10,0,0.05,STRONG_BULL
2026-04-10T19:42:18.972278,1775824800,btc-updown-5m-1775824800,SELL,0.93,10,-10,0.05,STRONG_BULL
2026-04-10T19:43:01.466369,1775824800,btc-updown-5m-1775824800,SELL,0.97,10,-20,0.05,STRONG_BULL
2026-04-10T19:43:43.939162,1775824800,btc-updown-5m-1775824800,BUY,0.98,10,-10,0.05,STRONG_BULL
2026-04-10T19:45:00.128873,1775824800,btc-updown-5m-1775824800,SETTLE,1.0,10,0,0.0,UP
2026-04-10T19:45:21.900352,1775825100,btc-updown-5m-1775825100,SELL,0.76,10,-10,0.01,BULLISH
2026-04-10T19:45:32.524969,1775825100,btc-updown-5m-1775825100,BUY,0.77,10,0,0.01,BULLISH
2026-04-10T19:46:04.411929,1775825100,btc-updown-5m-1775825100,BUY,0.73,10,10,0.0,NEUTRAL
2026-04-10T19:46:15.069798,1775825100,btc-updown-5m-1775825100,SELL,0.78,10,0,0.05,BULLISH_DIV
2026-04-10T19:46:47.006951,1775825100,btc-updown-5m-1775825100,BUY,0.82,10,10,0.0,NEUTRAL
2026-04-10T19:47:18.883586,1775825100,btc-updown-5m-1775825100,BUY,0.57,10,20,-0.05,STRONG_BEAR
2026-04-10T19:47:29.499491,1775825100,btc-updown-5m-1775825100,SELL,0.58,10,10,-0.05,STRONG_BEAR
2026-04-10T19:48:01.352738,1775825100,btc-updown-5m-1775825100,SELL,0.75,10,0,-0.05,STRONG_BEAR
2026-04-10T19:48:33.233648,1775825100,btc-updown-5m-1775825100,BUY,0.9,10,10,0.0,NEUTRAL
2026-04-10T19:48:54.449298,1775825100,btc-updown-5m-1775825100,SELL,0.84,10,0,0.0,NEUTRAL
2026-04-10T19:50:24.289236,1775825400,btc-updown-5m-1775825400,SELL,0.65,10,-10,-0.05,BEARISH_DIV
2026-04-10T19:50:34.896399,1775825400,btc-updown-5m-1775825400,BUY,0.66,10,0,-0.05,BEARISH_DIV
2026-04-10T19:51:06.759126,1775825400,btc-updown-5m-1775825400,BUY,0.58,10,10,-0.05,BEARISH_DIV
2026-04-10T19:51:17.406557,1775825400,btc-updown-5m-1775825400,SELL,0.63,10,0,0.0,NEUTRAL
2026-04-10T19:51:49.260050,1775825400,btc-updown-5m-1775825400,BUY,0.57,10,10,0.0,NEUTRAL
2026-04-10T19:52:21.161323,1775825400,btc-updown-5m-1775825400,SELL,0.52,10,0,0.0,NEUTRAL
2026-04-10T19:52:31.784478,1775825400,btc-updown-5m-1775825400,BUY,0.51,10,10,0.0,NEUTRAL
2026-04-10T19:52:53.052327,1775825400,btc-updown-5m-1775825400,SELL,0.51,10,0,-0.01,BEARISH
2026-04-10T19:53:03.673849,1775825400,btc-updown-5m-1775825400,BUY,0.5,10,10,-0.01,BEARISH
2026-04-10T19:53:46.176056,1775825400,btc-updown-5m-1775825400,BUY,0.42,10,20,-0.05,STRONG_BEAR
2026-04-10T19:55:01.667023,1775825400,btc-updown-5m-1775825400,SETTLE,0.0,20,0,0.0,DOWN
2026-04-10T19:55:23.428673,1775825700,btc-updown-5m-1775825700,SELL,0.68,10,-10,-0.05,STRONG_BEAR
2026-04-10T19:55:55.298594,1775825700,btc-updown-5m-1775825700,SELL,0.82,10,-20,-0.05,STRONG_BEAR
2026-04-10T19:57:09.697319,1775825700,btc-updown-5m-1775825700,BUY,0.87,10,-10,-0.05,STRONG_BEAR
2026-04-10T19:57:20.339640,1775825700,btc-updown-5m-1775825700,SELL,0.86,10,-20,-0.05,STRONG_BEAR
2026-04-10T19:57:52.208418,1775825700,btc-updown-5m-1775825700,BUY,0.87,10,-10,-0.05,STRONG_BEAR
2026-04-10T19:58:02.875357,1775825700,btc-updown-5m-1775825700,SELL,0.86,10,-20,-0.05,STRONG_BEAR
2026-04-10T19:59:17.340268,1775825700,btc-updown-5m-1775825700,BUY,0.97,10,-10,-0.01,BEARISH
2026-04-10T20:00:01.617929,1775825700,btc-updown-5m-1775825700,SETTLE,1.0,10,0,0.0,UP
2026-04-10T20:00:23.367637,1775826000,btc-updown-5m-1775826000,BUY,0.71,10,10,0.0,NEUTRAL
2026-04-10T20:00:44.596016,1775826000,btc-updown-5m-1775826000,SELL,0.6,10,0,-0.01,BEARISH
2026-04-10T20:01:05.855332,1775826000,btc-updown-5m-1775826000,BUY,0.56,10,10,-0.05,STRONG_BEAR
2026-04-10T20:01:59.071549,1775826000,btc-updown-5m-1775826000,SELL,0.54,10,0,-0.05,STRONG_BEAR
2026-04-10T20:02:30.959744,1775826000,btc-updown-5m-1775826000,SELL,0.59,10,-10,-0.05,STRONG_BEAR
2026-04-10T20:02:41.590719,1775826000,btc-updown-5m-1775826000,BUY,0.61,10,0,-0.05,STRONG_BEAR
2026-04-10T20:03:02.873388,1775826000,btc-updown-5m-1775826000,SELL,0.68,10,-10,-0.01,BEARISH
2026-04-10T20:03:13.497764,1775826000,btc-updown-5m-1775826000,BUY,0.72,10,0,-0.01,BEARISH
2026-04-10T20:03:45.412080,1775826000,btc-updown-5m-1775826000,BUY,0.67,10,10,-0.01,BEARISH
2026-04-10T20:04:17.236149,1775826000,btc-updown-5m-1775826000,BUY,0.52,10,20,0.0,NEUTRAL
2026-04-10T20:05:01.481988,1775826000,btc-updown-5m-1775826000,SETTLE,0.0,20,0,0.0,DOWN
2026-04-10T20:05:23.250620,1775826300,btc-updown-5m-1775826300,BUY,0.81,10,10,0.05,BULLISH_DIV
2026-04-10T20:05:44.548329,1775826300,btc-updown-5m-1775826300,SELL,0.71,10,0,0.0,NEUTRAL
2026-04-10T20:06:16.416405,1775826300,btc-updown-5m-1775826300,SELL,0.84,10,-10,0.01,BULLISH
2026-04-10T20:06:27.035821,1775826300,btc-updown-5m-1775826300,BUY,0.82,10,0,0.01,BULLISH
2026-04-10T20:06:48.298710,1775826300,btc-updown-5m-1775826300,SELL,0.78,10,-10,0.01,BULLISH
2026-04-10T20:06:58.917959,1775826300,btc-updown-5m-1775826300,BUY,0.86,10,0,0.05,STRONG_BULL
2026-04-10T20:07:31.137551,1775826300,btc-updown-5m-1775826300,SELL,0.75,10,-10,0.0,NEUTRAL
2026-04-10T20:08:02.990919,1775826300,btc-updown-5m-1775826300,SELL,0.89,10,-20,0.0,NEUTRAL
2026-04-10T20:09:06.767252,1775826300,btc-updown-5m-1775826300,BUY,0.98,10,-10,0.01,BULLISH
2026-04-10T20:10:01.587204,1775826300,btc-updown-5m-1775826300,SETTLE,1.0,10,0,0.0,UP
2026-04-10T20:10:23.318755,1775826600,btc-updown-5m-1775826600,SELL,0.74,10,-10,0.01,BULLISH
2026-04-10T20:10:55.188191,1775826600,btc-updown-5m-1775826600,SELL,0.81,10,-20,0.01,BULLISH
2026-04-10T20:11:05.819828,1775826600,btc-updown-5m-1775826600,BUY,0.9,10,-10,0.05,STRONG_BULL
2026-04-10T20:11:37.669826,1775826600,btc-updown-5m-1775826600,BUY,0.73,10,0,0.01,BULLISH
2026-04-10T20:11:58.913842,1775826600,btc-updown-5m-1775826600,SELL,0.73,10,-10,0.01,BULLISH
2026-04-10T20:12:30.808519,1775826600,btc-updown-5m-1775826600,SELL,0.95,10,-20,0.05,STRONG_BULL
2026-04-10T20:13:13.252342,1775826600,btc-updown-5m-1775826600,BUY,0.95,10,-10,0.01,BULLISH
2026-04-10T20:13:45.118060,1775826600,btc-updown-5m-1775826600,BUY,0.73,10,0,0.0,NEUTRAL
2026-04-10T20:13:55.748056,1775826600,btc-updown-5m-1775826600,SELL,0.7,10,-10,0.0,NEUTRAL
2026-04-10T20:14:17.026262,1775826600,btc-updown-5m-1775826600,BUY,0.7,10,0,0.0,NEUTRAL
2026-04-10T20:15:33.637959,1775826900,btc-updown-5m-1775826900,SELL,0.78,10,-10,0.01,BULLISH
2026-04-10T20:15:44.291637,1775826900,btc-updown-5m-1775826900,BUY,0.75,10,0,0.0,NEUTRAL
2026-04-10T20:16:16.156732,1775826900,btc-updown-5m-1775826900,BUY,0.69,10,10,0.05,BULLISH_DIV
2026-04-10T20:16:26.771327,1775826900,btc-updown-5m-1775826900,SELL,0.66,10,0,0.05,BULLISH_DIV
2026-04-10T20:16:48.037597,1775826900,btc-updown-5m-1775826900,BUY,0.69,10,10,0.0,NEUTRAL
2026-04-10T20:17:09.295141,1775826900,btc-updown-5m-1775826900,SELL,0.63,10,0,0.05,BULLISH_DIV
2026-04-10T20:17:41.210748,1775826900,btc-updown-5m-1775826900,BUY,0.58,10,10,-0.05,STRONG_BEAR
2026-04-10T20:17:51.839306,1775826900,btc-updown-5m-1775826900,SELL,0.7,10,0,0.05,BULLISH_DIV
2026-04-10T20:18:23.667454,1775826900,btc-updown-5m-1775826900,BUY,0.61,10,10,-0.05,STRONG_BEAR
2026-04-10T20:18:44.917946,1775826900,btc-updown-5m-1775826900,SELL,0.63,10,0,0.0,NEUTRAL
2026-04-10T20:19:16.775134,1775826900,btc-updown-5m-1775826900,BUY,0.76,10,10,0.0,NEUTRAL
2026-04-10T20:20:02.066683,1775826900,btc-updown-5m-1775826900,SETTLE,1.0,10,0,0.0,UP
2026-04-10T20:20:34.374509,1775827200,btc-updown-5m-1775827200,SELL,0.74,10,-10,0.0,NEUTRAL
2026-04-10T20:20:56.051388,1775827200,btc-updown-5m-1775827200,BUY,0.77,10,0,0.01,BULLISH
2026-04-10T20:21:06.659943,1775827200,btc-updown-5m-1775827200,SELL,0.77,10,-10,0.01,BULLISH
